Name,Date,Type,Platform,Text,Status
Tweet 1,2026-02-06,tweet,X/Twitter,"Ohne System bleibt es Zufall. Planbar wird es durch harte Wortlimits: 400 Premium-Prompts. Batching: 30 Hooks, dann 30 Drafts. Verlange fuer Ergebnis, nicht fuer Zeit. Schreib AGENTS fuer das Prompt-Pack. Kopiere den Flow und teste eine Woche.",Scheduled
Prompt 1,2026-02-06,prompt,X/Twitter,Erstelle 9 Tweet-Varianten fuer Solo-Creator. Nutze Schritt-fuer-Schritt und halte jede Ausgabe unter 24 Woertern. Kontext: Content Factory. Gib die Ausgabe nummeriert aus.,Scheduled
Prompt 2,2026-02-06,prompt,X/Twitter,Du bist ein Content-Strategist. Liefere 7 Thread-Outlines im Stil Beispiel + Analyse. Zielgruppe: SaaS Founder. Thema: Thread System. Jede Ausgabe muss einen klaren Nutzen enthalten.,Scheduled
Prompt 3,2026-02-06,prompt,X/Twitter,"Erstelle 7 CTA-Ideen fuer B2B Marketer und integriere ein Prinzip aus 'Wie man Freunde gewinnt'. Stil: respektvoll, motivierend, klar. Kontext: Hook-Datenbank.",Scheduled
Tweet 2,2026-02-07,tweet,X/Twitter,Ohne System bleibt es Zufall. Planbar wird es durch Quality Gates nach jedem Schritt: 50 Threads pro Monat. Rhythmus: 1 Batch pro Woche. Mastermind-Denken multipliziert Ergebnisse. 30 Hooks in 60 Minuten sind realistisch.,Scheduled
Prompt 4,2026-02-07,prompt,X/Twitter,"Baue 5 Tweet-Varianten fuer Coaches. Arbeite mit klaren Schritten, CTA und Beispiel. Kontext: Hook-Datenbank.",Scheduled
Prompt 5,2026-02-07,prompt,X/Twitter,"Baue 12 Lead-Magnet-Ideen fuer Berater. Arbeite mit klaren Schritten, CTA und Beispiel. Kontext: Hook-Datenbank.",Scheduled
Prompt 6,2026-02-07,prompt,X/Twitter,"Erstelle eine Liste von 5 DM-Templates fuer Coaches. Verwende Schritt-fuer-Schritt. Fokus: Nutzen, Klarheit, Spezifitaet. Gib Formatvorgaben pro Item an.",Scheduled
Tweet 3,2026-02-08,tweet,X/Twitter,"Du brauchst keine 10x Kreativitaet, sondern eine Ideenmaschine vor der Schreibmaschine. Damit lieferst du eine konstante Pipeline ohne Burnout. Wecke den Wunsch im anderen. Der Unterschied ist Prozess, nicht Talent. Kopiere den Flow und teste eine Woche.",Scheduled
Prompt 7,2026-02-08,prompt,X/Twitter,"Erstelle 10 Offer-Statements fuer Coaches und integriere ein Prinzip aus 'Wie man Freunde gewinnt'. Stil: respektvoll, motivierend, klar. Kontext: Prompt Pack.",Scheduled
Prompt 8,2026-02-08,prompt,X/Twitter,"Baue 9 Tweet-Varianten fuer Agenturen. Arbeite mit klaren Schritten, CTA und Beispiel. Kontext: Tweet Engine.",Scheduled
Prompt 9,2026-02-08,prompt,X/Twitter,"Baue 12 Offer-Statements fuer Agenturen. Arbeite mit klaren Schritten, CTA und Beispiel. Kontext: Hook-Datenbank.",Scheduled
Tweet 4,2026-02-09,tweet,X/Twitter,"Wenn du 300 Tweets pro Woche willst, brauchst du eine Task-Matrix mit festen Slots. Setup: Flow: Thema -> Hook -> Draft -> CTA. Das liefert wiederholbare Ergebnisse statt Zufall. Sprich ueber die Interessen deines Gegenuebers.",Scheduled
Thread 1,2026-02-09,thread,X/Twitter,"Parallelisierung im Content-System klingt simpel, ist aber ein Gamechanger. / Viele Threads scheitern am ersten Tweet. / Hook-First zwingt dich zu Klarheit. / Sammle 30 Hooks, teste 10, behalte 3. / Erst dann baust du den Rest des Threads. / Prinzip: Zeige ehrliche Wertschaetzung. / These: Mastermind-Denken multipliziert Ergebnisse. / CTA: DM mit AGENTS und ich sende dir die Matrix.",Scheduled
Prompt 10,2026-02-09,prompt,X/Twitter,Erstelle 10 Offer-Statements fuer Coaches. Nutze Beispiel + Analyse und halte jede Ausgabe unter 16 Woertern. Kontext: Monetarisierungs-Funnel. Gib die Ausgabe nummeriert aus.,Scheduled
Prompt 11,2026-02-09,prompt,X/Twitter,"Baue 12 Hooks fuer B2B Marketer. Arbeite mit klaren Schritten, CTA und Beispiel. Kontext: Content Factory.",Scheduled
Prompt 12,2026-02-09,prompt,X/Twitter,"Baue 10 Content-Titel fuer Berater. Arbeite mit klaren Schritten, CTA und Beispiel. Kontext: Tweet Engine.",Scheduled
Tweet 5,2026-02-10,tweet,X/Twitter,12 Agenten parallel liefern 30 getestete Hooks pro Woche. Der Hebel: harte Wortlimits. Flow: Hook -> Draft -> Refine -> Publish. Ergebnis: schnelleres Testing von Hooks. Hoere aufrichtig zu. Fang mit 10 Agenten an und skaliere dann.,Scheduled
Prompt 13,2026-02-10,prompt,X/Twitter,"Erstelle 12 Use-Cases fuer Solo-Creator und integriere ein Prinzip aus 'Wie man Freunde gewinnt'. Stil: respektvoll, motivierend, klar. Kontext: AI-Agenten Workflow.",Scheduled
Prompt 14,2026-02-10,prompt,X/Twitter,Du bist ein Content-Strategist. Liefere 10 Hooks im Stil Pro/Contra. Zielgruppe: Berater. Thema: AI-Agenten Workflow. Jede Ausgabe muss einen klaren Nutzen enthalten.,Scheduled
Prompt 15,2026-02-10,prompt,X/Twitter,Analysiere Mastermind-Plan und generiere 9 Lead-Magnet-Ideen. Nutze eine klare Struktur und schreibe auf Deutsch. Liefere zusaetzlich 3 Varianten je Item.,Scheduled
Tweet 6,2026-02-11,tweet,X/Twitter,Ohne System bleibt es Zufall. Planbar wird es durch Output-Funnels statt Einmal-Posts: 30 getestete Hooks pro Woche. Flow: Hook -> Draft -> Refine -> Publish. Ein klares Ziel vor Augen schafft Zugkraft. Ohne Struktur bleibt Output Zufall.,Scheduled
Prompt 16,2026-02-11,prompt,X/Twitter,"Erstelle 7 Pricing-Optionen fuer Coaches und integriere ein Prinzip aus 'Wie man Freunde gewinnt'. Stil: respektvoll, motivierend, klar. Kontext: Prompt Pack.",Scheduled
Prompt 17,2026-02-11,prompt,X/Twitter,Erstelle 7 Tweet-Varianten fuer Solo-Creator. Nutze Framework und halte jede Ausgabe unter 18 Woertern. Kontext: Hook-Datenbank. Gib die Ausgabe nummeriert aus.,Scheduled
Prompt 18,2026-02-11,prompt,X/Twitter,"Erstelle 7 Use-Cases fuer Berater und integriere ein Prinzip aus 'Wie man Freunde gewinnt'. Stil: respektvoll, motivierend, klar. Kontext: Content Factory.",Scheduled
Tweet 7,2026-02-12,tweet,X/Twitter,12 Agenten parallel liefern eine konstante Pipeline ohne Burnout. Der Hebel: Hook-First statt Content-First. Flow: Orchestrator -> Ideation -> Writer -> Refiner. Ergebnis: wiederholbare Ergebnisse statt Zufall. Handlung vor Ausrede.,Scheduled
Prompt 19,2026-02-12,prompt,X/Twitter,Erstelle 7 Tweet-Varianten fuer Coaches. Nutze Checkliste und halte jede Ausgabe unter 16 Woertern. Kontext: Prompt Pack. Gib die Ausgabe nummeriert aus.,Scheduled
Prompt 20,2026-02-12,prompt,X/Twitter,Analysiere Thread System und generiere 9 Objection-Replies. Nutze eine klare Struktur und schreibe auf Deutsch. Liefere zusaetzlich 3 Varianten je Item.,Scheduled
Prompt 21,2026-02-12,prompt,X/Twitter,"Baue 12 Tweet-Varianten fuer SaaS Founder. Arbeite mit klaren Schritten, CTA und Beispiel. Kontext: Creator Stack.",Scheduled
Tweet 8,2026-02-13,tweet,X/Twitter,"20 Agenten parallel liefern eine konstante Pipeline ohne Burnout. Der Hebel: Hook-First statt Content-First. Rhythmus: 1 Batch pro Woche. Ergebnis: saubere Struktur ohne Ueberforderung. Keine Ausreden, nur Handlung. Fang mit 10 Agenten an und skaliere dann.",Scheduled
Prompt 22,2026-02-13,prompt,X/Twitter,Analysiere Monetarisierungs-Funnel und generiere 12 Use-Cases. Nutze eine klare Struktur und schreibe auf Deutsch. Liefere zusaetzlich 3 Varianten je Item.,Scheduled
Prompt 23,2026-02-13,prompt,X/Twitter,Erstelle 10 Thread-Outlines fuer SaaS Founder. Nutze Schritt-fuer-Schritt und halte jede Ausgabe unter 18 Woertern. Kontext: AI-Agenten Workflow. Gib die Ausgabe nummeriert aus.,Scheduled
Prompt 24,2026-02-13,prompt,X/Twitter,Analysiere Content Factory und generiere 10 High-Ticket-Argumente. Nutze eine klare Struktur und schreibe auf Deutsch. Liefere zusaetzlich 3 Varianten je Item.,Scheduled
Tweet 9,2026-02-14,tweet,X/Twitter,"Content skaliert nicht mit mehr Zeit, sondern durch Proof-Checks nach jedem Schritt. Mit 12 Agenten baust du 400 Premium-Prompts. Flow: Orchestrator -> Ideation -> Writer -> Refiner. Preisleiter: Einstieg, Kernangebot, Premium-Upgrade.",Scheduled
Prompt 25,2026-02-14,prompt,X/Twitter,Du bist ein Content-Strategist. Liefere 7 Lead-Magnet-Ideen im Stil Kurz und direkt. Zielgruppe: Solo-Creator. Thema: Monetarisierungs-Funnel. Jede Ausgabe muss einen klaren Nutzen enthalten.,Scheduled
Prompt 26,2026-02-14,prompt,X/Twitter,Analysiere AI-Agenten Workflow und generiere 9 Use-Cases. Nutze eine klare Struktur und schreibe auf Deutsch. Liefere zusaetzlich 3 Varianten je Item.,Scheduled
Prompt 27,2026-02-14,prompt,X/Twitter,Analysiere Monetarisierungs-Funnel und generiere 5 Offer-Statements. Nutze eine klare Struktur und schreibe auf Deutsch. Liefere zusaetzlich 3 Varianten je Item.,Scheduled
Tweet 10,2026-02-15,tweet,X/Twitter,Ohne System bleibt es Zufall. Planbar wird es durch Quality Gates nach jedem Schritt: eine konstante Pipeline ohne Burnout. Flow: Orchestrator -> Ideation -> Writer -> Refiner. Der Wunsch nach Erfolg braucht ein definites Ziel.,Scheduled
Prompt 28,2026-02-15,prompt,X/Twitter,Erstelle 12 Use-Cases fuer B2B Marketer. Nutze Beispiel + Analyse und halte jede Ausgabe unter 24 Woertern. Kontext: Thread System. Gib die Ausgabe nummeriert aus.,Scheduled
Prompt 29,2026-02-15,prompt,X/Twitter,"Baue 7 Content-Titel fuer Solo-Creator. Arbeite mit klaren Schritten, CTA und Beispiel. Kontext: AI-Agenten Workflow.",Scheduled
Prompt 30,2026-02-15,prompt,X/Twitter,Erstelle 9 Content-Titel fuer Berater. Nutze Schritt-fuer-Schritt und halte jede Ausgabe unter 18 Woertern. Kontext: Content Factory. Gib die Ausgabe nummeriert aus.,Scheduled
Tweet 11,2026-02-16,tweet,X/Twitter,Ohne System bleibt es Zufall. Planbar wird es durch Hook-First statt Content-First: skalierbare Content-Produktion. Flow: Thema -> Hook -> Draft -> CTA. Funnel: Lead Magnet -> Tripwire -> Core Offer -> High Ticket -> Retainer.,Scheduled
Thread 2,2026-02-16,thread,X/Twitter,"Mein System in kurz: Rollen-Setup in der Content Factory. / Viele Threads scheitern am ersten Tweet. / Hook-First zwingt dich zu Klarheit. / Sammle 30 Hooks, teste 10, behalte 3. / Erst dann baust du den Rest des Threads. / Prinzip: Sprich ueber die Interessen deines Gegenuebers. / These: Beharrlichkeit schlaegt Talent. / CTA: Schreib AGENTS fuer das Prompt-Pack.",Scheduled
Prompt 31,2026-02-16,prompt,X/Twitter,"Baue 5 Content-Titel fuer Solo-Creator. Arbeite mit klaren Schritten, CTA und Beispiel. Kontext: Monetarisierungs-Funnel.",Scheduled
Prompt 32,2026-02-16,prompt,X/Twitter,"Erstelle eine Liste von 10 Content-Ideen fuer SaaS Founder. Verwende Pro/Contra. Fokus: Nutzen, Klarheit, Spezifitaet. Gib Formatvorgaben pro Item an.",Scheduled
Prompt 33,2026-02-16,prompt,X/Twitter,Erstelle 9 DM-Templates fuer SaaS Founder. Nutze Pro/Contra und halte jede Ausgabe unter 16 Woertern. Kontext: Content Factory. Gib die Ausgabe nummeriert aus.,Scheduled
Tweet 12,2026-02-17,tweet,X/Twitter,"Die Formel: Output-Funnels statt Einmal-Posts + Flow: Hook -> Draft -> Refine -> Publish = 400 Premium-Prompts. Ergebnis: wiederholbare Ergebnisse statt Zufall. Ein klares Ziel vor Augen schafft Zugkraft. Qualitaet kommt vom Review, nicht vom Zufall.",Scheduled
Prompt 34,2026-02-17,prompt,X/Twitter,Erstelle 12 CTA-Ideen fuer Solo-Creator. Nutze Checkliste und halte jede Ausgabe unter 16 Woertern. Kontext: Mastermind-Plan. Gib die Ausgabe nummeriert aus.,Scheduled
Prompt 35,2026-02-17,prompt,X/Twitter,"Erstelle eine Liste von 7 Tweet-Varianten fuer SaaS Founder. Verwende Schritt-fuer-Schritt. Fokus: Nutzen, Klarheit, Spezifitaet. Gib Formatvorgaben pro Item an.",Scheduled
Prompt 36,2026-02-17,prompt,X/Twitter,Analysiere Content Factory und generiere 9 Lead-Magnet-Ideen. Nutze eine klare Struktur und schreibe auf Deutsch. Liefere zusaetzlich 3 Varianten je Item.,Scheduled
Tweet 13,2026-02-18,tweet,X/Twitter,"12 Agenten parallel liefern eine klare Content-Routine. Der Hebel: harte Wortlimits. Batching: 30 Hooks, dann 30 Drafts. Ergebnis: saubere Struktur ohne Ueberforderung. Funnel: Lead Magnet -> Tripwire -> Core Offer -> High Ticket -> Retainer.",Scheduled
Prompt 37,2026-02-18,prompt,X/Twitter,"Baue 7 Offer-Statements fuer B2B Marketer. Arbeite mit klaren Schritten, CTA und Beispiel. Kontext: Mastermind-Plan.",Scheduled
Prompt 38,2026-02-18,prompt,X/Twitter,Analysiere Hook-Datenbank und generiere 7 DM-Templates. Nutze eine klare Struktur und schreibe auf Deutsch. Liefere zusaetzlich 3 Varianten je Item.,Scheduled
Prompt 39,2026-02-18,prompt,X/Twitter,"Erstelle 7 Objection-Replies fuer Berater und integriere ein Prinzip aus 'Wie man Freunde gewinnt'. Stil: respektvoll, motivierend, klar. Kontext: Thread System.",Scheduled
Tweet 14,2026-02-19,tweet,X/Twitter,"Nicht mehr brainstormen, sondern produzieren: Flow: Orchestrator -> Ideation -> Writer -> Refiner. Output: 30 getestete Hooks pro Woche mit 16 Agenten. Mastermind-Denken multipliziert Ergebnisse. Du brauchst Klarheit, nicht mehr Disziplin.",Scheduled
Prompt 40,2026-02-19,prompt,X/Twitter,"Erstelle 5 Offer-Statements fuer SaaS Founder und integriere ein Prinzip aus 'Wie man Freunde gewinnt'. Stil: respektvoll, motivierend, klar. Kontext: Content Factory.",Scheduled
Prompt 41,2026-02-19,prompt,X/Twitter,"Baue 9 DM-Templates fuer Solo-Creator. Arbeite mit klaren Schritten, CTA und Beispiel. Kontext: Thread System.",Scheduled
Prompt 42,2026-02-19,prompt,X/Twitter,Analysiere Tweet Engine und generiere 12 High-Ticket-Argumente. Nutze eine klare Struktur und schreibe auf Deutsch. Liefere zusaetzlich 3 Varianten je Item.,Scheduled
Tweet 15,2026-02-20,tweet,X/Twitter,"Nicht mehr brainstormen, sondern produzieren: Batching: 30 Hooks, dann 30 Drafts. Output: eine konstante Pipeline ohne Burnout mit 16 Agenten. Der Wunsch nach Erfolg braucht ein definites Ziel. Wenn du das System willst: antworte mit AGENTS.",Scheduled
Prompt 43,2026-02-20,prompt,X/Twitter,"Baue 10 Thread-Outlines fuer SaaS Founder. Arbeite mit klaren Schritten, CTA und Beispiel. Kontext: Mastermind-Plan.",Scheduled
Prompt 44,2026-02-20,prompt,X/Twitter,"Erstelle 10 CTA-Ideen fuer B2B Marketer und integriere ein Prinzip aus 'Wie man Freunde gewinnt'. Stil: respektvoll, motivierend, klar. Kontext: Prompt Pack.",Scheduled
Prompt 45,2026-02-20,prompt,X/Twitter,"Baue 7 Content-Ideen fuer SaaS Founder. Arbeite mit klaren Schritten, CTA und Beispiel. Kontext: Thread System.",Scheduled
Tweet 16,2026-02-21,tweet,X/Twitter,"Kosten runter, Output hoch: Output-Funnels statt Einmal-Posts. Ergebnis: eine Content-Bibliothek fuer 90 Tage. Stabile Reichweite durch Konstanz. Keine Ausreden, nur Handlung. Einmal gebaut, laeuft der Prozess jeden Monat.",Scheduled
Prompt 46,2026-02-21,prompt,X/Twitter,Erstelle 9 High-Ticket-Argumente fuer Solo-Creator. Nutze Framework und halte jede Ausgabe unter 16 Woertern. Kontext: Mastermind-Plan. Gib die Ausgabe nummeriert aus.,Scheduled
Prompt 47,2026-02-21,prompt,X/Twitter,"Erstelle 5 Thread-Outlines fuer B2B Marketer und integriere ein Prinzip aus 'Wie man Freunde gewinnt'. Stil: respektvoll, motivierend, klar. Kontext: Mastermind-Plan.",Scheduled
Prompt 48,2026-02-21,prompt,X/Twitter,Erstelle 5 Thread-Outlines fuer Berater. Nutze Schritt-fuer-Schritt und halte jede Ausgabe unter 16 Woertern. Kontext: Thread System. Gib die Ausgabe nummeriert aus.,Scheduled
Tweet 17,2026-02-22,tweet,X/Twitter,Ohne System bleibt es Zufall. Planbar wird es durch Hook-First statt Content-First: eine klare Content-Routine. Rhythmus: 1 Batch pro Woche. Ein klares Ziel vor Augen schafft Zugkraft. Fang mit 10 Agenten an und skaliere dann.,Scheduled
Prompt 49,2026-02-22,prompt,X/Twitter,Analysiere Tweet Engine und generiere 10 Tweet-Varianten. Nutze eine klare Struktur und schreibe auf Deutsch. Liefere zusaetzlich 3 Varianten je Item.,Scheduled
Prompt 50,2026-02-22,prompt,X/Twitter,Analysiere Hook-Datenbank und generiere 9 CTA-Ideen. Nutze eine klare Struktur und schreibe auf Deutsch. Liefere zusaetzlich 3 Varianten je Item.,Scheduled
Prompt 51,2026-02-22,prompt,X/Twitter,"Erstelle eine Liste von 7 CTA-Ideen fuer Berater. Verwende Pro/Contra. Fokus: Nutzen, Klarheit, Spezifitaet. Gib Formatvorgaben pro Item an.",Scheduled
Tweet 18,2026-02-23,tweet,X/Twitter,"Der groesste Fehler: einen Agenten alles machen zu lassen. Fix: Stichproben-Review einbauen. So entstehen 400 Premium-Prompts mit 16 Agenten. Verlange fuer Ergebnis, nicht fuer Zeit. Ein Batch pro Woche reicht fuer 7 Tage Output.",Scheduled
Thread 3,2026-02-23,thread,X/Twitter,"Warum Hook-First Prozess dein groesster Hebel ist. / Wenn du Output willst, brauchst du Batching. / 30 Hooks -> 30 Drafts -> 30 gekuerzte Versionen. / Die Rollen bleiben strikt getrennt. / Kleine Modelle fuer Masse, Mid-Modelle fuer Schliff. / Haltung: Keine Ausreden, nur Handlung. / Funnel: Lead Magnet -> Tripwire -> Core Offer -> High Ticket. / CTA: Schreib AGENTS fuer das Prompt-Pack.",Scheduled
Prompt 52,2026-02-23,prompt,X/Twitter,Erstelle 12 Tweet-Varianten fuer Coaches. Nutze Checkliste und halte jede Ausgabe unter 16 Woertern. Kontext: Thread System. Gib die Ausgabe nummeriert aus.,Scheduled
Prompt 53,2026-02-23,prompt,X/Twitter,Du bist ein Content-Strategist. Liefere 7 Content-Ideen im Stil Schritt-fuer-Schritt. Zielgruppe: Agenturen. Thema: Monetarisierungs-Funnel. Jede Ausgabe muss einen klaren Nutzen enthalten.,Scheduled
Prompt 54,2026-02-23,prompt,X/Twitter,Analysiere Thread System und generiere 10 Tweet-Varianten. Nutze eine klare Struktur und schreibe auf Deutsch. Liefere zusaetzlich 3 Varianten je Item.,Scheduled
Tweet 19,2026-02-24,tweet,X/Twitter,"Nicht mehr brainstormen, sondern produzieren: Rhythmus: 1 Batch pro Woche. Output: 300 Tweets pro Woche mit 16 Agenten. Triff eine klare Entscheidung und bleib dran. 30 Hooks in 60 Minuten sind realistisch. Ohne Struktur bleibt Output Zufall.",Scheduled
Prompt 55,2026-02-24,prompt,X/Twitter,"Erstelle 9 Lead-Magnet-Ideen fuer Solo-Creator und integriere ein Prinzip aus 'Wie man Freunde gewinnt'. Stil: respektvoll, motivierend, klar. Kontext: AI-Agenten Workflow.",Scheduled
Prompt 56,2026-02-24,prompt,X/Twitter,"Baue 10 Use-Cases fuer SaaS Founder. Arbeite mit klaren Schritten, CTA und Beispiel. Kontext: Prompt Pack.",Scheduled
Prompt 57,2026-02-24,prompt,X/Twitter,Erstelle 7 CTA-Ideen fuer Coaches. Nutze Pro/Contra und halte jede Ausgabe unter 16 Woertern. Kontext: Content Factory. Gib die Ausgabe nummeriert aus.,Scheduled
Tweet 20,2026-02-25,tweet,X/Twitter,"Die Formel: eine Ideenmaschine vor der Schreibmaschine + Flow: Hook -> Draft -> Refine -> Publish = eine klare Content-Routine. Ergebnis: klare Prozesse statt Chaos. Monetarisierung heisst: klares Offer, klares Versprechen.",Scheduled
Prompt 58,2026-02-25,prompt,X/Twitter,Erstelle 10 Offer-Statements fuer SaaS Founder. Nutze Pro/Contra und halte jede Ausgabe unter 24 Woertern. Kontext: Creator Stack. Gib die Ausgabe nummeriert aus.,Scheduled
Prompt 59,2026-02-25,prompt,X/Twitter,Du bist ein Content-Strategist. Liefere 5 Use-Cases im Stil Checkliste. Zielgruppe: Solo-Creator. Thema: Hook-Datenbank. Jede Ausgabe muss einen klaren Nutzen enthalten.,Scheduled
Prompt 60,2026-02-25,prompt,X/Twitter,Analysiere Mastermind-Plan und generiere 10 Pricing-Optionen. Nutze eine klare Struktur und schreibe auf Deutsch. Liefere zusaetzlich 3 Varianten je Item.,Scheduled
Tweet 21,2026-02-26,tweet,X/Twitter,"Parallelisierung ist der Cheatcode: 12 Agenten, eine klare Content-Routine, wiederholbare Ergebnisse statt Zufall. Weg: Flow: Hook -> Draft -> Refine -> Publish. Du bist verantwortlich. Qualitaet kommt vom Review, nicht vom Zufall.",Scheduled
Prompt 61,2026-02-26,prompt,X/Twitter,"Baue 5 Objection-Replies fuer SaaS Founder. Arbeite mit klaren Schritten, CTA und Beispiel. Kontext: Content Factory.",Scheduled
Prompt 62,2026-02-26,prompt,X/Twitter,"Erstelle 12 High-Ticket-Argumente fuer B2B Marketer und integriere ein Prinzip aus 'Wie man Freunde gewinnt'. Stil: respektvoll, motivierend, klar. Kontext: Mastermind-Plan.",Scheduled
Prompt 63,2026-02-26,prompt,X/Twitter,"Erstelle 5 Hooks fuer Agenturen und integriere ein Prinzip aus 'Wie man Freunde gewinnt'. Stil: respektvoll, motivierend, klar. Kontext: Creator Stack.",Scheduled
Tweet 22,2026-02-27,tweet,X/Twitter,"Du brauchst keine 10x Kreativitaet, sondern eine Ideenmaschine vor der Schreibmaschine. Damit lieferst du 400 Premium-Prompts. Mastermind-Denken multipliziert Ergebnisse. Du brauchst Klarheit, nicht mehr Disziplin. Schreib AGENTS fuer das Prompt-Pack.",Scheduled
Prompt 64,2026-02-27,prompt,X/Twitter,Du bist ein Content-Strategist. Liefere 12 Lead-Magnet-Ideen im Stil Framework. Zielgruppe: Agenturen. Thema: Mastermind-Plan. Jede Ausgabe muss einen klaren Nutzen enthalten.,Scheduled
Prompt 65,2026-02-27,prompt,X/Twitter,Analysiere Monetarisierungs-Funnel und generiere 5 High-Ticket-Argumente. Nutze eine klare Struktur und schreibe auf Deutsch. Liefere zusaetzlich 3 Varianten je Item.,Scheduled
Prompt 66,2026-02-27,prompt,X/Twitter,"Baue 5 Content-Titel fuer Coaches. Arbeite mit klaren Schritten, CTA und Beispiel. Kontext: Mastermind-Plan.",Scheduled
Tweet 23,2026-02-28,tweet,X/Twitter,Der groesste Fehler: einen Agenten alles machen zu lassen. Fix: Output-Formate fixieren. So entstehen 400 Premium-Prompts mit 12 Agenten. Triff eine klare Entscheidung und bleib dran. Kopiere den Flow und teste eine Woche.,Scheduled
Prompt 67,2026-02-28,prompt,X/Twitter,"Erstelle 12 DM-Templates fuer B2B Marketer und integriere ein Prinzip aus 'Wie man Freunde gewinnt'. Stil: respektvoll, motivierend, klar. Kontext: Mastermind-Plan.",Scheduled
Prompt 68,2026-02-28,prompt,X/Twitter,"Erstelle 12 Hooks fuer Agenturen und integriere ein Prinzip aus 'Wie man Freunde gewinnt'. Stil: respektvoll, motivierend, klar. Kontext: Tweet Engine.",Scheduled
Prompt 69,2026-02-28,prompt,X/Twitter,Du bist ein Content-Strategist. Liefere 9 DM-Templates im Stil Schritt-fuer-Schritt. Zielgruppe: Agenturen. Thema: AI-Agenten Workflow. Jede Ausgabe muss einen klaren Nutzen enthalten.,Scheduled
Tweet 24,2026-03-01,tweet,X/Twitter,"Parallelisierung ist der Cheatcode: 20 Agenten, eine klare Content-Routine, mehr Output bei weniger Kopfschmerz. Weg: Flow: Orchestrator -> Ideation -> Writer -> Refiner. Handlung vor Ausrede. Kopiere den Flow und teste eine Woche.",Scheduled
Prompt 70,2026-03-01,prompt,X/Twitter,"Erstelle eine Liste von 7 CTA-Ideen fuer Solo-Creator. Verwende Template. Fokus: Nutzen, Klarheit, Spezifitaet. Gib Formatvorgaben pro Item an.",Scheduled
Prompt 71,2026-03-01,prompt,X/Twitter,Du bist ein Content-Strategist. Liefere 12 Use-Cases im Stil Beispiel + Analyse. Zielgruppe: Agenturen. Thema: Monetarisierungs-Funnel. Jede Ausgabe muss einen klaren Nutzen enthalten.,Scheduled
Prompt 72,2026-03-01,prompt,X/Twitter,Du bist ein Content-Strategist. Liefere 5 Lead-Magnet-Ideen im Stil Schritt-fuer-Schritt. Zielgruppe: SaaS Founder. Thema: AI-Agenten Workflow. Jede Ausgabe muss einen klaren Nutzen enthalten.,Scheduled
Tweet 25,2026-03-02,tweet,X/Twitter,"Kosten runter, Output hoch: kleine Modelle fuer Masse und Mid-Modelle fuer Schliff. Ergebnis: 30 getestete Hooks pro Woche. Schnelleres Testing von Hooks. Funnel: Lead Magnet -> Tripwire -> Core Offer -> High Ticket -> Retainer.",Scheduled
Thread 4,2026-03-02,thread,X/Twitter,Der schnellste Weg zu mehr Output: Wortlimits als Quality Gate. / Prinzip: Sprich ueber die Interessen deines Gegenuebers. / These: Beharrlichkeit schlaegt Talent. / Haltung: Du bist verantwortlich. / Framework: Orchestrator -> Ideation -> Writer -> Refiner. / Schritt 1: Sammle 30 Hooks in 1 Session. / Schritt 2: Schreibe Drafts im Batch. / Schritt 3: Kuerze hart und pruefe Nutzen. / CTA: Willst du den Workflow? Schreib AGENTS.,Scheduled
Prompt 73,2026-03-02,prompt,X/Twitter,Analysiere Monetarisierungs-Funnel und generiere 5 Objection-Replies. Nutze eine klare Struktur und schreibe auf Deutsch. Liefere zusaetzlich 3 Varianten je Item.,Scheduled
Prompt 74,2026-03-02,prompt,X/Twitter,Erstelle 12 High-Ticket-Argumente fuer Solo-Creator. Nutze Beispiel + Analyse und halte jede Ausgabe unter 24 Woertern. Kontext: Thread System. Gib die Ausgabe nummeriert aus.,Scheduled
Prompt 75,2026-03-02,prompt,X/Twitter,Analysiere Mastermind-Plan und generiere 12 Content-Titel. Nutze eine klare Struktur und schreibe auf Deutsch. Liefere zusaetzlich 3 Varianten je Item.,Scheduled
Tweet 26,2026-03-03,tweet,X/Twitter,"Ohne System bleibt es Zufall. Planbar wird es durch Hook-First statt Content-First: 30 getestete Hooks pro Woche. Flow: Orchestrator -> Ideation -> Writer -> Refiner. Mastermind-Denken multipliziert Ergebnisse. Wenn du 10 Hooks testest, findest du 2 Gewinner.",Scheduled
Prompt 76,2026-03-03,prompt,X/Twitter,Du bist ein Content-Strategist. Liefere 5 Hooks im Stil Framework. Zielgruppe: Berater. Thema: Thread System. Jede Ausgabe muss einen klaren Nutzen enthalten.,Scheduled
Prompt 77,2026-03-03,prompt,X/Twitter,"Erstelle eine Liste von 12 Objection-Replies fuer Solo-Creator. Verwende Kurz und direkt. Fokus: Nutzen, Klarheit, Spezifitaet. Gib Formatvorgaben pro Item an.",Scheduled
Prompt 78,2026-03-03,prompt,X/Twitter,Du bist ein Content-Strategist. Liefere 5 Objection-Replies im Stil Beispiel + Analyse. Zielgruppe: Agenturen. Thema: Hook-Datenbank. Jede Ausgabe muss einen klaren Nutzen enthalten.,Scheduled
Tweet 27,2026-03-04,tweet,X/Twitter,"Du brauchst keine 10x Kreativitaet, sondern Batching mit festen Slots. Damit lieferst du 400 Premium-Prompts. Funnel: Lead Magnet -> Tripwire -> Core Offer -> High Ticket -> Retainer. Ein Batch pro Woche reicht fuer 7 Tage Output.",Scheduled
Prompt 79,2026-03-04,prompt,X/Twitter,"Erstelle 5 Pricing-Optionen fuer SaaS Founder und integriere ein Prinzip aus 'Wie man Freunde gewinnt'. Stil: respektvoll, motivierend, klar. Kontext: Thread System.",Scheduled
Prompt 80,2026-03-04,prompt,X/Twitter,"Baue 9 Offer-Statements fuer Berater. Arbeite mit klaren Schritten, CTA und Beispiel. Kontext: Content Factory.",Scheduled
Prompt 81,2026-03-04,prompt,X/Twitter,Du bist ein Content-Strategist. Liefere 9 High-Ticket-Argumente im Stil Schritt-fuer-Schritt. Zielgruppe: B2B Marketer. Thema: Mastermind-Plan. Jede Ausgabe muss einen klaren Nutzen enthalten.,Scheduled
Tweet 28,2026-03-05,tweet,X/Twitter,"Ohne System bleibt es Zufall. Planbar wird es durch Batching mit festen Slots: 30 getestete Hooks pro Woche. Batching: 30 Hooks, dann 30 Drafts. Du entscheidest. 30 Hooks in 60 Minuten sind realistisch. Fang mit 10 Agenten an und skaliere dann.",Scheduled
Prompt 82,2026-03-05,prompt,X/Twitter,"Erstelle 5 CTA-Ideen fuer Agenturen und integriere ein Prinzip aus 'Wie man Freunde gewinnt'. Stil: respektvoll, motivierend, klar. Kontext: Hook-Datenbank.",Scheduled
Prompt 83,2026-03-05,prompt,X/Twitter,"Erstelle eine Liste von 9 Pricing-Optionen fuer Solo-Creator. Verwende Checkliste. Fokus: Nutzen, Klarheit, Spezifitaet. Gib Formatvorgaben pro Item an.",Scheduled
Prompt 84,2026-03-05,prompt,X/Twitter,"Erstelle eine Liste von 5 Tweet-Varianten fuer Coaches. Verwende Framework. Fokus: Nutzen, Klarheit, Spezifitaet. Gib Formatvorgaben pro Item an.",Scheduled
Tweet 29,2026-03-06,tweet,X/Twitter,"Der groesste Fehler: keine QA-Stufe einzuplanen. Fix: Wortlimits hart setzen. So entstehen eine klare Content-Routine mit 20 Agenten. Mastermind-Denken multipliziert Ergebnisse. Qualitaet kommt vom Review, nicht vom Zufall.",Scheduled
Prompt 85,2026-03-06,prompt,X/Twitter,"Erstelle eine Liste von 7 CTA-Ideen fuer SaaS Founder. Verwende Beispiel + Analyse. Fokus: Nutzen, Klarheit, Spezifitaet. Gib Formatvorgaben pro Item an.",Scheduled
Prompt 86,2026-03-06,prompt,X/Twitter,Analysiere Content Factory und generiere 10 Pricing-Optionen. Nutze eine klare Struktur und schreibe auf Deutsch. Liefere zusaetzlich 3 Varianten je Item.,Scheduled
Prompt 87,2026-03-06,prompt,X/Twitter,Erstelle 12 Objection-Replies fuer Berater. Nutze Beispiel + Analyse und halte jede Ausgabe unter 20 Woertern. Kontext: Mastermind-Plan. Gib die Ausgabe nummeriert aus.,Scheduled
Tweet 30,2026-03-07,tweet,X/Twitter,"Nicht mehr brainstormen, sondern produzieren: Regel: jede Aufgabe in 120 Woerter kapseln. Output: eine konstante Pipeline ohne Burnout mit 16 Agenten. Monetarisierung heisst: klares Offer, klares Versprechen. Kopiere den Flow und teste eine Woche.",Scheduled
Prompt 88,2026-03-07,prompt,X/Twitter,"Baue 5 Hooks fuer SaaS Founder. Arbeite mit klaren Schritten, CTA und Beispiel. Kontext: Content Factory.",Scheduled
Prompt 89,2026-03-07,prompt,X/Twitter,Erstelle 7 Thread-Outlines fuer Solo-Creator. Nutze Beispiel + Analyse und halte jede Ausgabe unter 20 Woertern. Kontext: AI-Agenten Workflow. Gib die Ausgabe nummeriert aus.,Scheduled
Prompt 90,2026-03-07,prompt,X/Twitter,Du bist ein Content-Strategist. Liefere 12 DM-Templates im Stil Kurz und direkt. Zielgruppe: Berater. Thema: AI-Agenten Workflow. Jede Ausgabe muss einen klaren Nutzen enthalten.,Scheduled
Tweet 31,2026-03-08,tweet,X/Twitter,"Der groesste Fehler: die Hook-Phase zu ueberspringen. Fix: Wortlimits hart setzen. So entstehen eine klare Content-Routine mit 25 Agenten. Du entscheidest. Qualitaet kommt vom Review, nicht vom Zufall. Der Unterschied ist Prozess, nicht Talent.",Scheduled
Prompt 91,2026-03-08,prompt,X/Twitter,"Erstelle 10 Tweet-Varianten fuer Solo-Creator und integriere ein Prinzip aus 'Wie man Freunde gewinnt'. Stil: respektvoll, motivierend, klar. Kontext: Creator Stack.",Scheduled
Prompt 92,2026-03-08,prompt,X/Twitter,Erstelle 12 Content-Ideen fuer Solo-Creator. Nutze Template und halte jede Ausgabe unter 16 Woertern. Kontext: Hook-Datenbank. Gib die Ausgabe nummeriert aus.,Scheduled
Prompt 93,2026-03-08,prompt,X/Twitter,Analysiere Tweet Engine und generiere 5 Hooks. Nutze eine klare Struktur und schreibe auf Deutsch. Liefere zusaetzlich 3 Varianten je Item.,Scheduled
Tweet 32,2026-03-09,tweet,X/Twitter,"Kosten runter, Output hoch: Output-Funnels statt Einmal-Posts. Ergebnis: eine Content-Bibliothek fuer 90 Tage. Saubere Struktur ohne Ueberforderung. Preisleiter: Einstieg, Kernangebot, Premium-Upgrade. Du brauchst Klarheit, nicht mehr Disziplin.",Scheduled
Thread 5,2026-03-09,thread,X/Twitter,"So baust du Kosten senken mit kleinen Modellen ohne Chaos. / Wenn du Output willst, brauchst du Batching. / 30 Hooks -> 30 Drafts -> 30 gekuerzte Versionen. / Die Rollen bleiben strikt getrennt. / Kleine Modelle fuer Masse, Mid-Modelle fuer Schliff. / Haltung: Keine Ausreden, nur Handlung. / Funnel: Lead Magnet -> Tripwire -> Core Offer -> High Ticket. / CTA: Wenn du das System willst: antworte mit AGENTS.",Scheduled
Prompt 94,2026-03-09,prompt,X/Twitter,"Erstelle eine Liste von 5 Lead-Magnet-Ideen fuer B2B Marketer. Verwende Pro/Contra. Fokus: Nutzen, Klarheit, Spezifitaet. Gib Formatvorgaben pro Item an.",Scheduled
Prompt 95,2026-03-09,prompt,X/Twitter,"Erstelle eine Liste von 9 Offer-Statements fuer Solo-Creator. Verwende Template. Fokus: Nutzen, Klarheit, Spezifitaet. Gib Formatvorgaben pro Item an.",Scheduled
Prompt 96,2026-03-09,prompt,X/Twitter,Analysiere Monetarisierungs-Funnel und generiere 5 Use-Cases. Nutze eine klare Struktur und schreibe auf Deutsch. Liefere zusaetzlich 3 Varianten je Item.,Scheduled
Tweet 33,2026-03-10,tweet,X/Twitter,"16 Agenten parallel liefern 400 Premium-Prompts. Der Hebel: Hook-First statt Content-First. Flow: Thema -> Hook -> Draft -> CTA. Ergebnis: saubere Struktur ohne Ueberforderung. Klare Haltung, klare Richtung. Einmal gebaut, laeuft der Prozess jeden Monat.",Scheduled
Prompt 97,2026-03-10,prompt,X/Twitter,"Baue 12 Tweet-Varianten fuer B2B Marketer. Arbeite mit klaren Schritten, CTA und Beispiel. Kontext: Hook-Datenbank.",Scheduled
Prompt 98,2026-03-10,prompt,X/Twitter,"Baue 9 Hooks fuer SaaS Founder. Arbeite mit klaren Schritten, CTA und Beispiel. Kontext: Tweet Engine.",Scheduled
Prompt 99,2026-03-10,prompt,X/Twitter,"Erstelle eine Liste von 9 CTA-Ideen fuer B2B Marketer. Verwende Checkliste. Fokus: Nutzen, Klarheit, Spezifitaet. Gib Formatvorgaben pro Item an.",Scheduled
Tweet 34,2026-03-11,tweet,X/Twitter,"Du brauchst keine 10x Kreativitaet, sondern Proof-Checks nach jedem Schritt. Damit lieferst du 30 getestete Hooks pro Woche. Zeige ehrliche Wertschaetzung. Der Unterschied ist Prozess, nicht Talent. Fang mit 10 Agenten an und skaliere dann.",Scheduled
Prompt 100,2026-03-11,prompt,X/Twitter,"Erstelle 7 Pricing-Optionen fuer Agenturen und integriere ein Prinzip aus 'Wie man Freunde gewinnt'. Stil: respektvoll, motivierend, klar. Kontext: Tweet Engine.",Scheduled
Prompt 101,2026-03-11,prompt,X/Twitter,Du bist ein Content-Strategist. Liefere 7 CTA-Ideen im Stil Schritt-fuer-Schritt. Zielgruppe: Berater. Thema: Creator Stack. Jede Ausgabe muss einen klaren Nutzen enthalten.,Scheduled
Prompt 102,2026-03-11,prompt,X/Twitter,Du bist ein Content-Strategist. Liefere 12 Thread-Outlines im Stil Pro/Contra. Zielgruppe: SaaS Founder. Thema: Mastermind-Plan. Jede Ausgabe muss einen klaren Nutzen enthalten.,Scheduled
Tweet 35,2026-03-12,tweet,X/Twitter,"Kosten runter, Output hoch: harte Wortlimits. Ergebnis: eine klare Content-Routine. Stabile Reichweite durch Konstanz. Der Wunsch nach Erfolg braucht ein definites Ziel. Du brauchst Klarheit, nicht mehr Disziplin. Fang mit 10 Agenten an und skaliere dann.",Scheduled
Prompt 103,2026-03-12,prompt,X/Twitter,Analysiere Prompt Pack und generiere 10 Use-Cases. Nutze eine klare Struktur und schreibe auf Deutsch. Liefere zusaetzlich 3 Varianten je Item.,Scheduled
Prompt 104,2026-03-12,prompt,X/Twitter,"Baue 5 Objection-Replies fuer Berater. Arbeite mit klaren Schritten, CTA und Beispiel. Kontext: Hook-Datenbank.",Scheduled
Prompt 105,2026-03-12,prompt,X/Twitter,"Erstelle eine Liste von 9 Thread-Outlines fuer Agenturen. Verwende Framework. Fokus: Nutzen, Klarheit, Spezifitaet. Gib Formatvorgaben pro Item an.",Scheduled
Tweet 36,2026-03-13,tweet,X/Twitter,"Parallelisierung ist der Cheatcode: 25 Agenten, eine klare Content-Routine, stabile Reichweite durch Konstanz. Weg: Flow: Orchestrator -> Ideation -> Writer -> Refiner. Funnel: Lead Magnet -> Tripwire -> Core Offer -> High Ticket -> Retainer.",Scheduled
Prompt 106,2026-03-13,prompt,X/Twitter,"Baue 5 Objection-Replies fuer Coaches. Arbeite mit klaren Schritten, CTA und Beispiel. Kontext: Hook-Datenbank.",Scheduled
Prompt 107,2026-03-13,prompt,X/Twitter,"Erstelle 7 Objection-Replies fuer SaaS Founder und integriere ein Prinzip aus 'Wie man Freunde gewinnt'. Stil: respektvoll, motivierend, klar. Kontext: Mastermind-Plan.",Scheduled
Prompt 108,2026-03-13,prompt,X/Twitter,Erstelle 9 CTA-Ideen fuer B2B Marketer. Nutze Template und halte jede Ausgabe unter 16 Woertern. Kontext: Mastermind-Plan. Gib die Ausgabe nummeriert aus.,Scheduled
Tweet 37,2026-03-14,tweet,X/Twitter,"Du brauchst keine 10x Kreativitaet, sondern kleine Modelle fuer Masse und Mid-Modelle fuer Schliff. Damit lieferst du eine Content-Bibliothek fuer 90 Tage. Ein klares Ziel vor Augen schafft Zugkraft. Wenn du 10 Hooks testest, findest du 2 Gewinner.",Scheduled
Prompt 109,2026-03-14,prompt,X/Twitter,"Erstelle eine Liste von 12 Hooks fuer SaaS Founder. Verwende Schritt-fuer-Schritt. Fokus: Nutzen, Klarheit, Spezifitaet. Gib Formatvorgaben pro Item an.",Scheduled
Prompt 110,2026-03-14,prompt,X/Twitter,"Erstelle 9 High-Ticket-Argumente fuer SaaS Founder und integriere ein Prinzip aus 'Wie man Freunde gewinnt'. Stil: respektvoll, motivierend, klar. Kontext: Thread System.",Scheduled
Prompt 111,2026-03-14,prompt,X/Twitter,"Baue 9 CTA-Ideen fuer Berater. Arbeite mit klaren Schritten, CTA und Beispiel. Kontext: AI-Agenten Workflow.",Scheduled
Tweet 38,2026-03-15,tweet,X/Twitter,"Content skaliert nicht mit mehr Zeit, sondern durch Proof-Checks nach jedem Schritt. Mit 25 Agenten baust du eine konstante Pipeline ohne Burnout. Flow: Hook -> Draft -> Refine -> Publish. Stelle Fragen statt zu predigen.",Scheduled
Prompt 112,2026-03-15,prompt,X/Twitter,Du bist ein Content-Strategist. Liefere 12 Objection-Replies im Stil Framework. Zielgruppe: Berater. Thema: Hook-Datenbank. Jede Ausgabe muss einen klaren Nutzen enthalten.,Scheduled
Prompt 113,2026-03-15,prompt,X/Twitter,Analysiere Content Factory und generiere 5 CTA-Ideen. Nutze eine klare Struktur und schreibe auf Deutsch. Liefere zusaetzlich 3 Varianten je Item.,Scheduled
Prompt 114,2026-03-15,prompt,X/Twitter,Erstelle 5 Pricing-Optionen fuer Coaches. Nutze Kurz und direkt und halte jede Ausgabe unter 16 Woertern. Kontext: Hook-Datenbank. Gib die Ausgabe nummeriert aus.,Scheduled
Tweet 39,2026-03-16,tweet,X/Twitter,"Parallelisierung ist der Cheatcode: 20 Agenten, eine klare Content-Routine, messbar bessere Conversion. Weg: Flow: Orchestrator -> Ideation -> Writer -> Refiner. Wecke den Wunsch im anderen. Kopiere den Flow und teste eine Woche.",Scheduled
Thread 6,2026-03-16,thread,X/Twitter,"Workflow von Idee zu Output in 4 Schritten klingt simpel, ist aber ein Gamechanger. / Viele Threads scheitern am ersten Tweet. / Hook-First zwingt dich zu Klarheit. / Sammle 30 Hooks, teste 10, behalte 3. / Erst dann baust du den Rest des Threads. / Prinzip: Zeige ehrliche Wertschaetzung. / These: Der Wunsch nach Erfolg braucht ein definites Ziel. / CTA: Kommentiere AGENTS fuer die Struktur.",Scheduled
Prompt 115,2026-03-16,prompt,X/Twitter,Erstelle 12 Tweet-Varianten fuer Agenturen. Nutze Beispiel + Analyse und halte jede Ausgabe unter 18 Woertern. Kontext: AI-Agenten Workflow. Gib die Ausgabe nummeriert aus.,Scheduled
Prompt 116,2026-03-16,prompt,X/Twitter,Erstelle 7 Thread-Outlines fuer B2B Marketer. Nutze Kurz und direkt und halte jede Ausgabe unter 18 Woertern. Kontext: AI-Agenten Workflow. Gib die Ausgabe nummeriert aus.,Scheduled
Prompt 117,2026-03-16,prompt,X/Twitter,Analysiere Thread System und generiere 10 Content-Titel. Nutze eine klare Struktur und schreibe auf Deutsch. Liefere zusaetzlich 3 Varianten je Item.,Scheduled
Tweet 40,2026-03-17,tweet,X/Twitter,"Wenn du skalierbare Content-Produktion willst, brauchst du eine Ideenmaschine vor der Schreibmaschine. Setup: Flow: Thema -> Hook -> Draft -> CTA. Das liefert mehr Output bei weniger Kopfschmerz. Du bist verantwortlich. Kopiere den Flow und teste eine Woche.",Scheduled
Prompt 118,2026-03-17,prompt,X/Twitter,Du bist ein Content-Strategist. Liefere 7 Content-Ideen im Stil Kurz und direkt. Zielgruppe: B2B Marketer. Thema: AI-Agenten Workflow. Jede Ausgabe muss einen klaren Nutzen enthalten.,Scheduled
Prompt 119,2026-03-17,prompt,X/Twitter,"Baue 12 Hooks fuer Coaches. Arbeite mit klaren Schritten, CTA und Beispiel. Kontext: Prompt Pack.",Scheduled
Prompt 120,2026-03-17,prompt,X/Twitter,"Erstelle 5 Content-Ideen fuer B2B Marketer und integriere ein Prinzip aus 'Wie man Freunde gewinnt'. Stil: respektvoll, motivierend, klar. Kontext: Content Factory.",Scheduled
Tweet 41,2026-03-18,tweet,X/Twitter,25 Agenten parallel liefern 30 getestete Hooks pro Woche. Der Hebel: Parallelisierung. Regel: jede Aufgabe in 120 Woerter kapseln. Ergebnis: wiederholbare Ergebnisse statt Zufall. Sprich ueber die Interessen deines Gegenuebers.,Scheduled
Prompt 121,2026-03-18,prompt,X/Twitter,"Baue 10 Tweet-Varianten fuer Solo-Creator. Arbeite mit klaren Schritten, CTA und Beispiel. Kontext: Tweet Engine.",Scheduled
Prompt 122,2026-03-18,prompt,X/Twitter,"Baue 10 Lead-Magnet-Ideen fuer Agenturen. Arbeite mit klaren Schritten, CTA und Beispiel. Kontext: Content Factory.",Scheduled
Prompt 123,2026-03-18,prompt,X/Twitter,Du bist ein Content-Strategist. Liefere 9 Content-Ideen im Stil Schritt-fuer-Schritt. Zielgruppe: SaaS Founder. Thema: Tweet Engine. Jede Ausgabe muss einen klaren Nutzen enthalten.,Scheduled
Tweet 42,2026-03-19,tweet,X/Twitter,"Wenn du 300 Tweets pro Woche willst, brauchst du Proof-Checks nach jedem Schritt. Setup: Regel: jede Aufgabe in 120 Woerter kapseln. Das liefert klare Prozesse statt Chaos. Klare Haltung, klare Richtung. Ein Batch pro Woche reicht fuer 7 Tage Output.",Scheduled
Prompt 124,2026-03-19,prompt,X/Twitter,Erstelle 10 Offer-Statements fuer Solo-Creator. Nutze Template und halte jede Ausgabe unter 20 Woertern. Kontext: Thread System. Gib die Ausgabe nummeriert aus.,Scheduled
Prompt 125,2026-03-19,prompt,X/Twitter,"Erstelle 9 Pricing-Optionen fuer Agenturen und integriere ein Prinzip aus 'Wie man Freunde gewinnt'. Stil: respektvoll, motivierend, klar. Kontext: Creator Stack.",Scheduled
Prompt 126,2026-03-19,prompt,X/Twitter,Analysiere Thread System und generiere 7 Content-Ideen. Nutze eine klare Struktur und schreibe auf Deutsch. Liefere zusaetzlich 3 Varianten je Item.,Scheduled
Tweet 43,2026-03-20,tweet,X/Twitter,Die Formel: kleine Modelle fuer Masse und Mid-Modelle fuer Schliff + Flow: Orchestrator -> Ideation -> Writer -> Refiner = eine Content-Bibliothek fuer 90 Tage. Ergebnis: messbar bessere Conversion. Zeige ehrliche Wertschaetzung.,Scheduled
Prompt 127,2026-03-20,prompt,X/Twitter,"Erstelle 12 Content-Ideen fuer Berater und integriere ein Prinzip aus 'Wie man Freunde gewinnt'. Stil: respektvoll, motivierend, klar. Kontext: Thread System.",Scheduled
Prompt 128,2026-03-20,prompt,X/Twitter,"Baue 7 Content-Titel fuer SaaS Founder. Arbeite mit klaren Schritten, CTA und Beispiel. Kontext: Monetarisierungs-Funnel.",Scheduled
Prompt 129,2026-03-20,prompt,X/Twitter,"Erstelle 9 Offer-Statements fuer SaaS Founder und integriere ein Prinzip aus 'Wie man Freunde gewinnt'. Stil: respektvoll, motivierend, klar. Kontext: Hook-Datenbank.",Scheduled
Tweet 44,2026-03-21,tweet,X/Twitter,"Wenn du eine klare Content-Routine willst, brauchst du Proof-Checks nach jedem Schritt. Setup: Rhythmus: 1 Batch pro Woche. Das liefert mehr Output bei weniger Kopfschmerz. Keine Ausreden, nur Handlung. Qualitaet kommt vom Review, nicht vom Zufall.",Scheduled
Prompt 130,2026-03-21,prompt,X/Twitter,"Erstelle eine Liste von 12 Offer-Statements fuer Coaches. Verwende Checkliste. Fokus: Nutzen, Klarheit, Spezifitaet. Gib Formatvorgaben pro Item an.",Scheduled
Prompt 131,2026-03-21,prompt,X/Twitter,Du bist ein Content-Strategist. Liefere 12 Thread-Outlines im Stil Beispiel + Analyse. Zielgruppe: Agenturen. Thema: Creator Stack. Jede Ausgabe muss einen klaren Nutzen enthalten.,Scheduled
Prompt 132,2026-03-21,prompt,X/Twitter,Du bist ein Content-Strategist. Liefere 5 High-Ticket-Argumente im Stil Beispiel + Analyse. Zielgruppe: SaaS Founder. Thema: Hook-Datenbank. Jede Ausgabe muss einen klaren Nutzen enthalten.,Scheduled
Tweet 45,2026-03-22,tweet,X/Twitter,Die Formel: Batching mit festen Slots + Flow: Thema -> Hook -> Draft -> CTA = 400 Premium-Prompts. Ergebnis: stabile Reichweite durch Konstanz. Mastermind-Denken multipliziert Ergebnisse. Kopiere den Flow und teste eine Woche.,Scheduled
Prompt 133,2026-03-22,prompt,X/Twitter,"Erstelle 10 Objection-Replies fuer B2B Marketer und integriere ein Prinzip aus 'Wie man Freunde gewinnt'. Stil: respektvoll, motivierend, klar. Kontext: Mastermind-Plan.",Scheduled
Prompt 134,2026-03-22,prompt,X/Twitter,"Erstelle 10 High-Ticket-Argumente fuer B2B Marketer und integriere ein Prinzip aus 'Wie man Freunde gewinnt'. Stil: respektvoll, motivierend, klar. Kontext: Monetarisierungs-Funnel.",Scheduled
Prompt 135,2026-03-22,prompt,X/Twitter,Du bist ein Content-Strategist. Liefere 9 DM-Templates im Stil Beispiel + Analyse. Zielgruppe: SaaS Founder. Thema: Thread System. Jede Ausgabe muss einen klaren Nutzen enthalten.,Scheduled
Tweet 46,2026-03-23,tweet,X/Twitter,"Content skaliert nicht mit mehr Zeit, sondern durch Systemdesign statt Talent. Mit 25 Agenten baust du 50 Threads pro Monat. Batching: 30 Hooks, dann 30 Drafts. Stelle Fragen statt zu predigen. Wenn du 10 Hooks testest, findest du 2 Gewinner.",Scheduled
Thread 7,2026-03-23,thread,X/Twitter,So baust du Orchestrator als Pflichtrolle ohne Chaos. / Prinzip: Hoere aufrichtig zu. / These: Beharrlichkeit schlaegt Talent. / Haltung: Du entscheidest. / Framework: Orchestrator -> Ideation -> Writer -> Refiner. / Schritt 1: Sammle 30 Hooks in 1 Session. / Schritt 2: Schreibe Drafts im Batch. / Schritt 3: Kuerze hart und pruefe Nutzen. / CTA: Wenn du das System willst: antworte mit AGENTS.,Scheduled
Prompt 136,2026-03-23,prompt,X/Twitter,"Erstelle eine Liste von 9 CTA-Ideen fuer Coaches. Verwende Beispiel + Analyse. Fokus: Nutzen, Klarheit, Spezifitaet. Gib Formatvorgaben pro Item an.",Scheduled
Prompt 137,2026-03-23,prompt,X/Twitter,"Baue 12 High-Ticket-Argumente fuer Berater. Arbeite mit klaren Schritten, CTA und Beispiel. Kontext: Hook-Datenbank.",Scheduled
Prompt 138,2026-03-23,prompt,X/Twitter,"Erstelle eine Liste von 12 Content-Titel fuer B2B Marketer. Verwende Framework. Fokus: Nutzen, Klarheit, Spezifitaet. Gib Formatvorgaben pro Item an.",Scheduled
Tweet 47,2026-03-24,tweet,X/Twitter,"Du brauchst keine 10x Kreativitaet, sondern eine Ideenmaschine vor der Schreibmaschine. Damit lieferst du eine konstante Pipeline ohne Burnout. Du entscheidest. Du brauchst Klarheit, nicht mehr Disziplin. Kopiere den Flow und teste eine Woche.",Scheduled
Prompt 139,2026-03-24,prompt,X/Twitter,Analysiere Creator Stack und generiere 10 Pricing-Optionen. Nutze eine klare Struktur und schreibe auf Deutsch. Liefere zusaetzlich 3 Varianten je Item.,Scheduled
Prompt 140,2026-03-24,prompt,X/Twitter,Du bist ein Content-Strategist. Liefere 5 Use-Cases im Stil Framework. Zielgruppe: Agenturen. Thema: Mastermind-Plan. Jede Ausgabe muss einen klaren Nutzen enthalten.,Scheduled
Prompt 141,2026-03-24,prompt,X/Twitter,"Erstelle 5 Use-Cases fuer Solo-Creator und integriere ein Prinzip aus 'Wie man Freunde gewinnt'. Stil: respektvoll, motivierend, klar. Kontext: Mastermind-Plan.",Scheduled
Tweet 48,2026-03-25,tweet,X/Twitter,"Content skaliert nicht mit mehr Zeit, sondern durch Quality Gates nach jedem Schritt. Mit 12 Agenten baust du 50 Threads pro Monat. Rhythmus: 1 Batch pro Woche. Monetarisierung heisst: klares Offer, klares Versprechen. Kopiere den Flow und teste eine Woche.",Scheduled
Prompt 142,2026-03-25,prompt,X/Twitter,Analysiere Monetarisierungs-Funnel und generiere 5 Tweet-Varianten. Nutze eine klare Struktur und schreibe auf Deutsch. Liefere zusaetzlich 3 Varianten je Item.,Scheduled
Prompt 143,2026-03-25,prompt,X/Twitter,"Erstelle 10 Tweet-Varianten fuer SaaS Founder und integriere ein Prinzip aus 'Wie man Freunde gewinnt'. Stil: respektvoll, motivierend, klar. Kontext: Thread System.",Scheduled
Prompt 144,2026-03-25,prompt,X/Twitter,Du bist ein Content-Strategist. Liefere 5 Offer-Statements im Stil Beispiel + Analyse. Zielgruppe: SaaS Founder. Thema: Monetarisierungs-Funnel. Jede Ausgabe muss einen klaren Nutzen enthalten.,Scheduled
Tweet 49,2026-03-26,tweet,X/Twitter,16 Agenten parallel liefern 30 getestete Hooks pro Woche. Der Hebel: Hook-First statt Content-First. Rhythmus: 1 Batch pro Woche. Ergebnis: wiederholbare Ergebnisse statt Zufall. Mastermind-Denken multipliziert Ergebnisse.,Scheduled
Prompt 145,2026-03-26,prompt,X/Twitter,"Erstelle eine Liste von 12 CTA-Ideen fuer SaaS Founder. Verwende Template. Fokus: Nutzen, Klarheit, Spezifitaet. Gib Formatvorgaben pro Item an.",Scheduled
Prompt 146,2026-03-26,prompt,X/Twitter,"Erstelle 9 Content-Ideen fuer Berater und integriere ein Prinzip aus 'Wie man Freunde gewinnt'. Stil: respektvoll, motivierend, klar. Kontext: Thread System.",Scheduled
Prompt 147,2026-03-26,prompt,X/Twitter,Erstelle 10 Hooks fuer Solo-Creator. Nutze Beispiel + Analyse und halte jede Ausgabe unter 16 Woertern. Kontext: Content Factory. Gib die Ausgabe nummeriert aus.,Scheduled
Tweet 50,2026-03-27,tweet,X/Twitter,"Der groesste Fehler: nur auf Kreativitaet statt System zu setzen. Fix: Output-Formate fixieren. So entstehen eine konstante Pipeline ohne Burnout mit 20 Agenten. Monetarisierung heisst: klares Offer, klares Versprechen. Kopiere den Flow und teste eine Woche.",Scheduled
Prompt 148,2026-03-27,prompt,X/Twitter,Du bist ein Content-Strategist. Liefere 7 Objection-Replies im Stil Kurz und direkt. Zielgruppe: Agenturen. Thema: Monetarisierungs-Funnel. Jede Ausgabe muss einen klaren Nutzen enthalten.,Scheduled
Prompt 149,2026-03-27,prompt,X/Twitter,"Baue 12 High-Ticket-Argumente fuer Coaches. Arbeite mit klaren Schritten, CTA und Beispiel. Kontext: Thread System.",Scheduled
Prompt 150,2026-03-27,prompt,X/Twitter,"Erstelle eine Liste von 9 Thread-Outlines fuer B2B Marketer. Verwende Kurz und direkt. Fokus: Nutzen, Klarheit, Spezifitaet. Gib Formatvorgaben pro Item an.",Scheduled
Tweet 51,2026-03-28,tweet,X/Twitter,"Kosten runter, Output hoch: harte Wortlimits. Ergebnis: 300 Tweets pro Woche. Klare Prozesse statt Chaos. Triff eine klare Entscheidung und bleib dran. 30 Hooks in 60 Minuten sind realistisch. Fang mit 10 Agenten an und skaliere dann.",Scheduled
Prompt 151,2026-03-28,prompt,X/Twitter,Erstelle 12 Lead-Magnet-Ideen fuer Solo-Creator. Nutze Framework und halte jede Ausgabe unter 24 Woertern. Kontext: Tweet Engine. Gib die Ausgabe nummeriert aus.,Scheduled
Prompt 152,2026-03-28,prompt,X/Twitter,"Erstelle 7 Use-Cases fuer Berater und integriere ein Prinzip aus 'Wie man Freunde gewinnt'. Stil: respektvoll, motivierend, klar. Kontext: Monetarisierungs-Funnel.",Scheduled
Prompt 153,2026-03-28,prompt,X/Twitter,"Erstelle eine Liste von 7 Objection-Replies fuer SaaS Founder. Verwende Checkliste. Fokus: Nutzen, Klarheit, Spezifitaet. Gib Formatvorgaben pro Item an.",Scheduled
Tweet 52,2026-03-29,tweet,X/Twitter,Der groesste Fehler: zu breite Prompts ohne Output-Format. Fix: Stichproben-Review einbauen. So entstehen eine klare Content-Routine mit 16 Agenten. Funnel: Lead Magnet -> Tripwire -> Core Offer -> High Ticket -> Retainer.,Scheduled
Prompt 154,2026-03-29,prompt,X/Twitter,"Baue 5 Offer-Statements fuer Solo-Creator. Arbeite mit klaren Schritten, CTA und Beispiel. Kontext: Hook-Datenbank.",Scheduled
Prompt 155,2026-03-29,prompt,X/Twitter,Erstelle 12 Use-Cases fuer Coaches. Nutze Template und halte jede Ausgabe unter 16 Woertern. Kontext: Monetarisierungs-Funnel. Gib die Ausgabe nummeriert aus.,Scheduled
Prompt 156,2026-03-29,prompt,X/Twitter,Erstelle 10 Tweet-Varianten fuer SaaS Founder. Nutze Template und halte jede Ausgabe unter 20 Woertern. Kontext: Prompt Pack. Gib die Ausgabe nummeriert aus.,Scheduled
Tweet 53,2026-03-30,tweet,X/Twitter,"Wenn du 50 Threads pro Monat willst, brauchst du klare Rollen statt All-in-One. Setup: Flow: Thema -> Hook -> Draft -> CTA. Das liefert mehr Output bei weniger Kopfschmerz. Keine Ausreden, nur Handlung. Qualitaet kommt vom Review, nicht vom Zufall.",Scheduled
Thread 8,2026-03-30,thread,X/Twitter,"Hook-Tests mit 30 Varianten klingt simpel, ist aber ein Gamechanger. / Viele Threads scheitern am ersten Tweet. / Hook-First zwingt dich zu Klarheit. / Sammle 30 Hooks, teste 10, behalte 3. / Erst dann baust du den Rest des Threads. / Prinzip: Stelle Fragen statt zu predigen. / These: Der Wunsch nach Erfolg braucht ein definites Ziel. / CTA: Wenn du das System willst: antworte mit AGENTS.",Scheduled
Prompt 157,2026-03-30,prompt,X/Twitter,"Erstelle 10 DM-Templates fuer Solo-Creator und integriere ein Prinzip aus 'Wie man Freunde gewinnt'. Stil: respektvoll, motivierend, klar. Kontext: Hook-Datenbank.",Scheduled
Prompt 158,2026-03-30,prompt,X/Twitter,Erstelle 12 Offer-Statements fuer Solo-Creator. Nutze Template und halte jede Ausgabe unter 18 Woertern. Kontext: AI-Agenten Workflow. Gib die Ausgabe nummeriert aus.,Scheduled
Prompt 159,2026-03-30,prompt,X/Twitter,"Baue 7 Hooks fuer Berater. Arbeite mit klaren Schritten, CTA und Beispiel. Kontext: Prompt Pack.",Scheduled
Tweet 54,2026-03-31,tweet,X/Twitter,Ohne System bleibt es Zufall. Planbar wird es durch Quality Gates nach jedem Schritt: eine konstante Pipeline ohne Burnout. Flow: Orchestrator -> Ideation -> Writer -> Refiner. Hoere aufrichtig zu. Ein Batch pro Woche reicht fuer 7 Tage Output.,Scheduled
Prompt 160,2026-03-31,prompt,X/Twitter,Du bist ein Content-Strategist. Liefere 12 Tweet-Varianten im Stil Pro/Contra. Zielgruppe: Coaches. Thema: Monetarisierungs-Funnel. Jede Ausgabe muss einen klaren Nutzen enthalten.,Scheduled
Prompt 161,2026-03-31,prompt,X/Twitter,"Erstelle 10 Lead-Magnet-Ideen fuer B2B Marketer und integriere ein Prinzip aus 'Wie man Freunde gewinnt'. Stil: respektvoll, motivierend, klar. Kontext: Mastermind-Plan.",Scheduled
Prompt 162,2026-03-31,prompt,X/Twitter,"Erstelle eine Liste von 9 Thread-Outlines fuer Berater. Verwende Framework. Fokus: Nutzen, Klarheit, Spezifitaet. Gib Formatvorgaben pro Item an.",Scheduled
Tweet 55,2026-04-01,tweet,X/Twitter,"Der groesste Fehler: zu breite Prompts ohne Output-Format. Fix: Hooks zuerst sammeln. So entstehen 50 Threads pro Monat mit 12 Agenten. Stelle Fragen statt zu predigen. Du brauchst Klarheit, nicht mehr Disziplin. Fang mit 10 Agenten an und skaliere dann.",Scheduled
Prompt 163,2026-04-01,prompt,X/Twitter,Analysiere Content Factory und generiere 5 Thread-Outlines. Nutze eine klare Struktur und schreibe auf Deutsch. Liefere zusaetzlich 3 Varianten je Item.,Scheduled
Prompt 164,2026-04-01,prompt,X/Twitter,Analysiere Creator Stack und generiere 9 Content-Ideen. Nutze eine klare Struktur und schreibe auf Deutsch. Liefere zusaetzlich 3 Varianten je Item.,Scheduled
Prompt 165,2026-04-01,prompt,X/Twitter,Erstelle 5 Content-Titel fuer Agenturen. Nutze Kurz und direkt und halte jede Ausgabe unter 24 Woertern. Kontext: Tweet Engine. Gib die Ausgabe nummeriert aus.,Scheduled
Tweet 56,2026-04-02,tweet,X/Twitter,"Die Formel: kleine Modelle fuer Masse und Mid-Modelle fuer Schliff + Batching: 30 Hooks, dann 30 Drafts = eine klare Content-Routine. Ergebnis: messbar bessere Conversion. Der Wunsch nach Erfolg braucht ein definites Ziel.",Scheduled
Prompt 166,2026-04-02,prompt,X/Twitter,Erstelle 5 Objection-Replies fuer Agenturen. Nutze Template und halte jede Ausgabe unter 16 Woertern. Kontext: Prompt Pack. Gib die Ausgabe nummeriert aus.,Scheduled
Prompt 167,2026-04-02,prompt,X/Twitter,Erstelle 10 Objection-Replies fuer Agenturen. Nutze Pro/Contra und halte jede Ausgabe unter 20 Woertern. Kontext: AI-Agenten Workflow. Gib die Ausgabe nummeriert aus.,Scheduled
Prompt 168,2026-04-02,prompt,X/Twitter,"Erstelle 12 Pricing-Optionen fuer Berater und integriere ein Prinzip aus 'Wie man Freunde gewinnt'. Stil: respektvoll, motivierend, klar. Kontext: Content Factory.",Scheduled
Tweet 57,2026-04-03,tweet,X/Twitter,"Nicht mehr brainstormen, sondern produzieren: Flow: Thema -> Hook -> Draft -> CTA. Output: skalierbare Content-Produktion mit 16 Agenten. Beharrlichkeit schlaegt Talent. Wenn du 10 Hooks testest, findest du 2 Gewinner. Ohne Struktur bleibt Output Zufall.",Scheduled
Prompt 169,2026-04-03,prompt,X/Twitter,Erstelle 7 DM-Templates fuer Agenturen. Nutze Framework und halte jede Ausgabe unter 20 Woertern. Kontext: Prompt Pack. Gib die Ausgabe nummeriert aus.,Scheduled
Prompt 170,2026-04-03,prompt,X/Twitter,"Erstelle 7 Offer-Statements fuer Solo-Creator und integriere ein Prinzip aus 'Wie man Freunde gewinnt'. Stil: respektvoll, motivierend, klar. Kontext: Creator Stack.",Scheduled
Prompt 171,2026-04-03,prompt,X/Twitter,Analysiere Mastermind-Plan und generiere 7 Content-Titel. Nutze eine klare Struktur und schreibe auf Deutsch. Liefere zusaetzlich 3 Varianten je Item.,Scheduled
Tweet 58,2026-04-04,tweet,X/Twitter,"16 Agenten parallel liefern 300 Tweets pro Woche. Der Hebel: Output-Funnels statt Einmal-Posts. Batching: 30 Hooks, dann 30 Drafts. Ergebnis: saubere Struktur ohne Ueberforderung. Keine Ausreden, nur Handlung. 30 Hooks in 60 Minuten sind realistisch.",Scheduled
Prompt 172,2026-04-04,prompt,X/Twitter,"Erstelle eine Liste von 5 CTA-Ideen fuer Solo-Creator. Verwende Template. Fokus: Nutzen, Klarheit, Spezifitaet. Gib Formatvorgaben pro Item an.",Scheduled
Prompt 173,2026-04-04,prompt,X/Twitter,"Erstelle 7 Hooks fuer Agenturen und integriere ein Prinzip aus 'Wie man Freunde gewinnt'. Stil: respektvoll, motivierend, klar. Kontext: AI-Agenten Workflow.",Scheduled
Prompt 174,2026-04-04,prompt,X/Twitter,Erstelle 7 Objection-Replies fuer B2B Marketer. Nutze Checkliste und halte jede Ausgabe unter 16 Woertern. Kontext: AI-Agenten Workflow. Gib die Ausgabe nummeriert aus.,Scheduled
Tweet 59,2026-04-05,tweet,X/Twitter,"Kosten runter, Output hoch: eine Ideenmaschine vor der Schreibmaschine. Ergebnis: 400 Premium-Prompts. Mehr Output bei weniger Kopfschmerz. Mastermind-Denken multipliziert Ergebnisse. 30 Hooks in 60 Minuten sind realistisch.",Scheduled
Prompt 175,2026-04-05,prompt,X/Twitter,Erstelle 7 Use-Cases fuer Solo-Creator. Nutze Pro/Contra und halte jede Ausgabe unter 18 Woertern. Kontext: Creator Stack. Gib die Ausgabe nummeriert aus.,Scheduled
Prompt 176,2026-04-05,prompt,X/Twitter,"Erstelle eine Liste von 12 Hooks fuer SaaS Founder. Verwende Kurz und direkt. Fokus: Nutzen, Klarheit, Spezifitaet. Gib Formatvorgaben pro Item an.",Scheduled
Prompt 177,2026-04-05,prompt,X/Twitter,"Erstelle eine Liste von 7 Content-Ideen fuer Agenturen. Verwende Checkliste. Fokus: Nutzen, Klarheit, Spezifitaet. Gib Formatvorgaben pro Item an.",Scheduled
Tweet 60,2026-04-06,tweet,X/Twitter,"Der groesste Fehler: die Hook-Phase zu ueberspringen. Fix: eine Rolle pro Agent definieren. So entstehen 300 Tweets pro Woche mit 25 Agenten. Mastermind-Denken multipliziert Ergebnisse. Qualitaet kommt vom Review, nicht vom Zufall.",Scheduled
Thread 9,2026-04-06,thread,X/Twitter,"Mein System in kurz: Threads ohne Brainload. / Prinzip: Zeige ehrliche Wertschaetzung. / These: Triff eine klare Entscheidung und bleib dran. / Haltung: Keine Ausreden, nur Handlung. / Framework: Orchestrator -> Ideation -> Writer -> Refiner. / Schritt 1: Sammle 30 Hooks in 1 Session. / Schritt 2: Schreibe Drafts im Batch. / Schritt 3: Kuerze hart und pruefe Nutzen. / CTA: Kommentiere AGENTS fuer die Struktur.",Scheduled
Prompt 178,2026-04-06,prompt,X/Twitter,Erstelle 7 CTA-Ideen fuer Solo-Creator. Nutze Kurz und direkt und halte jede Ausgabe unter 16 Woertern. Kontext: Thread System. Gib die Ausgabe nummeriert aus.,Scheduled
Prompt 179,2026-04-06,prompt,X/Twitter,"Baue 9 Tweet-Varianten fuer B2B Marketer. Arbeite mit klaren Schritten, CTA und Beispiel. Kontext: Hook-Datenbank.",Scheduled
Prompt 180,2026-04-06,prompt,X/Twitter,Analysiere Monetarisierungs-Funnel und generiere 5 Hooks. Nutze eine klare Struktur und schreibe auf Deutsch. Liefere zusaetzlich 3 Varianten je Item.,Scheduled
Tweet 61,2026-04-07,tweet,X/Twitter,"Du brauchst keine 10x Kreativitaet, sondern Output-Funnels statt Einmal-Posts. Damit lieferst du eine klare Content-Routine. Preisleiter: Einstieg, Kernangebot, Premium-Upgrade. Du brauchst Klarheit, nicht mehr Disziplin.",Scheduled
Prompt 181,2026-04-07,prompt,X/Twitter,"Erstelle 10 Thread-Outlines fuer Solo-Creator und integriere ein Prinzip aus 'Wie man Freunde gewinnt'. Stil: respektvoll, motivierend, klar. Kontext: Creator Stack.",Scheduled
Prompt 182,2026-04-07,prompt,X/Twitter,"Baue 7 High-Ticket-Argumente fuer Agenturen. Arbeite mit klaren Schritten, CTA und Beispiel. Kontext: Thread System.",Scheduled
Prompt 183,2026-04-07,prompt,X/Twitter,Du bist ein Content-Strategist. Liefere 12 Use-Cases im Stil Framework. Zielgruppe: SaaS Founder. Thema: Mastermind-Plan. Jede Ausgabe muss einen klaren Nutzen enthalten.,Scheduled
Tweet 62,2026-04-08,tweet,X/Twitter,"Parallelisierung ist der Cheatcode: 12 Agenten, eine klare Content-Routine, messbar bessere Conversion. Weg: Flow: Orchestrator -> Ideation -> Writer -> Refiner. Keine Ausreden, nur Handlung. Ohne Struktur bleibt Output Zufall.",Scheduled
Prompt 184,2026-04-08,prompt,X/Twitter,"Erstelle eine Liste von 10 Objection-Replies fuer B2B Marketer. Verwende Framework. Fokus: Nutzen, Klarheit, Spezifitaet. Gib Formatvorgaben pro Item an.",Scheduled
Prompt 185,2026-04-08,prompt,X/Twitter,Du bist ein Content-Strategist. Liefere 7 DM-Templates im Stil Template. Zielgruppe: Berater. Thema: Mastermind-Plan. Jede Ausgabe muss einen klaren Nutzen enthalten.,Scheduled
Prompt 186,2026-04-08,prompt,X/Twitter,Analysiere Prompt Pack und generiere 10 High-Ticket-Argumente. Nutze eine klare Struktur und schreibe auf Deutsch. Liefere zusaetzlich 3 Varianten je Item.,Scheduled
Tweet 63,2026-04-09,tweet,X/Twitter,Die Formel: Output-Funnels statt Einmal-Posts + Regel: jede Aufgabe in 120 Woerter kapseln = skalierbare Content-Produktion. Ergebnis: schnelleres Testing von Hooks. Mastermind-Denken multipliziert Ergebnisse. Ein Batch pro Woche reicht fuer 7 Tage Output.,Scheduled
Prompt 187,2026-04-09,prompt,X/Twitter,Erstelle 10 Content-Titel fuer Solo-Creator. Nutze Template und halte jede Ausgabe unter 16 Woertern. Kontext: Prompt Pack. Gib die Ausgabe nummeriert aus.,Scheduled
Prompt 188,2026-04-09,prompt,X/Twitter,"Baue 5 Objection-Replies fuer Coaches. Arbeite mit klaren Schritten, CTA und Beispiel. Kontext: Prompt Pack.",Scheduled
Prompt 189,2026-04-09,prompt,X/Twitter,Analysiere Thread System und generiere 5 CTA-Ideen. Nutze eine klare Struktur und schreibe auf Deutsch. Liefere zusaetzlich 3 Varianten je Item.,Scheduled
Tweet 64,2026-04-10,tweet,X/Twitter,"Der groesste Fehler: die Hook-Phase zu ueberspringen. Fix: Hooks zuerst sammeln. So entstehen 300 Tweets pro Woche mit 16 Agenten. Keine Ausreden, nur Handlung. Einmal gebaut, laeuft der Prozess jeden Monat. Kommentiere AGENTS fuer die Struktur.",Scheduled
Prompt 190,2026-04-10,prompt,X/Twitter,"Erstelle eine Liste von 7 Tweet-Varianten fuer Berater. Verwende Kurz und direkt. Fokus: Nutzen, Klarheit, Spezifitaet. Gib Formatvorgaben pro Item an.",Scheduled
Prompt 191,2026-04-10,prompt,X/Twitter,Analysiere Thread System und generiere 10 Offer-Statements. Nutze eine klare Struktur und schreibe auf Deutsch. Liefere zusaetzlich 3 Varianten je Item.,Scheduled
Prompt 192,2026-04-10,prompt,X/Twitter,Du bist ein Content-Strategist. Liefere 12 Hooks im Stil Beispiel + Analyse. Zielgruppe: SaaS Founder. Thema: Content Factory. Jede Ausgabe muss einen klaren Nutzen enthalten.,Scheduled
Tweet 65,2026-04-11,tweet,X/Twitter,"20 Agenten parallel liefern 300 Tweets pro Woche. Der Hebel: klare Rollen statt All-in-One. Flow: Orchestrator -> Ideation -> Writer -> Refiner. Ergebnis: messbar bessere Conversion. Du entscheidest. Wenn du 10 Hooks testest, findest du 2 Gewinner.",Scheduled
Prompt 193,2026-04-11,prompt,X/Twitter,"Baue 10 Offer-Statements fuer B2B Marketer. Arbeite mit klaren Schritten, CTA und Beispiel. Kontext: Creator Stack.",Scheduled
Prompt 194,2026-04-11,prompt,X/Twitter,Erstelle 5 Tweet-Varianten fuer Coaches. Nutze Template und halte jede Ausgabe unter 20 Woertern. Kontext: Monetarisierungs-Funnel. Gib die Ausgabe nummeriert aus.,Scheduled
Prompt 195,2026-04-11,prompt,X/Twitter,"Erstelle 7 High-Ticket-Argumente fuer SaaS Founder und integriere ein Prinzip aus 'Wie man Freunde gewinnt'. Stil: respektvoll, motivierend, klar. Kontext: Tweet Engine.",Scheduled
Tweet 66,2026-04-12,tweet,X/Twitter,"Content skaliert nicht mit mehr Zeit, sondern durch Proof-Checks nach jedem Schritt. Mit 25 Agenten baust du eine Content-Bibliothek fuer 90 Tage. Flow: Hook -> Draft -> Refine -> Publish. Zeige ehrliche Wertschaetzung. Kopiere den Flow und teste eine Woche.",Scheduled
Prompt 196,2026-04-12,prompt,X/Twitter,Erstelle 5 Tweet-Varianten fuer Solo-Creator. Nutze Framework und halte jede Ausgabe unter 16 Woertern. Kontext: Monetarisierungs-Funnel. Gib die Ausgabe nummeriert aus.,Scheduled
Prompt 197,2026-04-12,prompt,X/Twitter,Du bist ein Content-Strategist. Liefere 5 CTA-Ideen im Stil Framework. Zielgruppe: Coaches. Thema: AI-Agenten Workflow. Jede Ausgabe muss einen klaren Nutzen enthalten.,Scheduled
Prompt 198,2026-04-12,prompt,X/Twitter,Du bist ein Content-Strategist. Liefere 12 Tweet-Varianten im Stil Kurz und direkt. Zielgruppe: Berater. Thema: Tweet Engine. Jede Ausgabe muss einen klaren Nutzen enthalten.,Scheduled
Tweet 67,2026-04-13,tweet,X/Twitter,"Der groesste Fehler: die Hook-Phase zu ueberspringen. Fix: Stichproben-Review einbauen. So entstehen eine konstante Pipeline ohne Burnout mit 25 Agenten. Klare Haltung, klare Richtung. Qualitaet kommt vom Review, nicht vom Zufall.",Scheduled
Thread 10,2026-04-13,thread,X/Twitter,"Warum Premium-Prompts als Produkt dein groesster Hebel ist. / Viele Threads scheitern am ersten Tweet. / Hook-First zwingt dich zu Klarheit. / Sammle 30 Hooks, teste 10, behalte 3. / Erst dann baust du den Rest des Threads. / Prinzip: Wecke den Wunsch im anderen. / These: Der Wunsch nach Erfolg braucht ein definites Ziel. / CTA: Wenn du das System willst: antworte mit AGENTS.",Scheduled
Prompt 199,2026-04-13,prompt,X/Twitter,"Erstelle 10 Tweet-Varianten fuer Agenturen und integriere ein Prinzip aus 'Wie man Freunde gewinnt'. Stil: respektvoll, motivierend, klar. Kontext: Thread System.",Scheduled
Prompt 200,2026-04-13,prompt,X/Twitter,"Erstelle eine Liste von 5 CTA-Ideen fuer B2B Marketer. Verwende Schritt-fuer-Schritt. Fokus: Nutzen, Klarheit, Spezifitaet. Gib Formatvorgaben pro Item an.",Scheduled
Prompt 201,2026-04-13,prompt,X/Twitter,Erstelle 5 Tweet-Varianten fuer B2B Marketer. Nutze Checkliste und halte jede Ausgabe unter 24 Woertern. Kontext: Creator Stack. Gib die Ausgabe nummeriert aus.,Scheduled
Tweet 68,2026-04-14,tweet,X/Twitter,"Die Formel: kleine Modelle fuer Masse und Mid-Modelle fuer Schliff + Regel: jede Aufgabe in 120 Woerter kapseln = 400 Premium-Prompts. Ergebnis: schnelleres Testing von Hooks. Verlange fuer Ergebnis, nicht fuer Zeit. Kopiere den Flow und teste eine Woche.",Scheduled
Prompt 202,2026-04-14,prompt,X/Twitter,Analysiere Hook-Datenbank und generiere 12 CTA-Ideen. Nutze eine klare Struktur und schreibe auf Deutsch. Liefere zusaetzlich 3 Varianten je Item.,Scheduled
Prompt 203,2026-04-14,prompt,X/Twitter,Du bist ein Content-Strategist. Liefere 7 Use-Cases im Stil Framework. Zielgruppe: Solo-Creator. Thema: Creator Stack. Jede Ausgabe muss einen klaren Nutzen enthalten.,Scheduled
Prompt 204,2026-04-14,prompt,X/Twitter,"Baue 12 Content-Ideen fuer Berater. Arbeite mit klaren Schritten, CTA und Beispiel. Kontext: Content Factory.",Scheduled
Tweet 69,2026-04-15,tweet,X/Twitter,"Die Formel: kleine Modelle fuer Masse und Mid-Modelle fuer Schliff + Flow: Hook -> Draft -> Refine -> Publish = eine klare Content-Routine. Ergebnis: stabile Reichweite durch Konstanz. Verlange fuer Ergebnis, nicht fuer Zeit.",Scheduled
Prompt 205,2026-04-15,prompt,X/Twitter,Erstelle 10 Objection-Replies fuer SaaS Founder. Nutze Checkliste und halte jede Ausgabe unter 20 Woertern. Kontext: Thread System. Gib die Ausgabe nummeriert aus.,Scheduled
Prompt 206,2026-04-15,prompt,X/Twitter,"Baue 10 Offer-Statements fuer Coaches. Arbeite mit klaren Schritten, CTA und Beispiel. Kontext: Hook-Datenbank.",Scheduled
Prompt 207,2026-04-15,prompt,X/Twitter,Analysiere Tweet Engine und generiere 10 DM-Templates. Nutze eine klare Struktur und schreibe auf Deutsch. Liefere zusaetzlich 3 Varianten je Item.,Scheduled
Tweet 70,2026-04-16,tweet,X/Twitter,"Der groesste Fehler: keine QA-Stufe einzuplanen. Fix: Output-Formate fixieren. So entstehen 30 getestete Hooks pro Woche mit 20 Agenten. Du entscheidest. Wenn du 10 Hooks testest, findest du 2 Gewinner. Kopiere den Flow und teste eine Woche.",Scheduled
Prompt 208,2026-04-16,prompt,X/Twitter,"Erstelle 7 Pricing-Optionen fuer Berater und integriere ein Prinzip aus 'Wie man Freunde gewinnt'. Stil: respektvoll, motivierend, klar. Kontext: Tweet Engine.",Scheduled
Prompt 209,2026-04-16,prompt,X/Twitter,Analysiere Tweet Engine und generiere 12 Offer-Statements. Nutze eine klare Struktur und schreibe auf Deutsch. Liefere zusaetzlich 3 Varianten je Item.,Scheduled
Prompt 210,2026-04-16,prompt,X/Twitter,"Baue 12 Offer-Statements fuer Solo-Creator. Arbeite mit klaren Schritten, CTA und Beispiel. Kontext: Hook-Datenbank.",Scheduled
Tweet 71,2026-04-17,tweet,X/Twitter,"Parallelisierung ist der Cheatcode: 12 Agenten, eine klare Content-Routine, saubere Struktur ohne Ueberforderung. Weg: Flow: Orchestrator -> Ideation -> Writer -> Refiner. Hoere aufrichtig zu. Qualitaet kommt vom Review, nicht vom Zufall.",Scheduled
Prompt 211,2026-04-17,prompt,X/Twitter,"Baue 5 Content-Titel fuer Coaches. Arbeite mit klaren Schritten, CTA und Beispiel. Kontext: Monetarisierungs-Funnel.",Scheduled
Prompt 212,2026-04-17,prompt,X/Twitter,"Erstelle 7 Pricing-Optionen fuer Berater und integriere ein Prinzip aus 'Wie man Freunde gewinnt'. Stil: respektvoll, motivierend, klar. Kontext: Monetarisierungs-Funnel.",Scheduled
Prompt 213,2026-04-17,prompt,X/Twitter,"Baue 12 Use-Cases fuer SaaS Founder. Arbeite mit klaren Schritten, CTA und Beispiel. Kontext: Mastermind-Plan.",Scheduled
Tweet 72,2026-04-18,tweet,X/Twitter,"Kosten runter, Output hoch: eine Task-Matrix mit festen Slots. Ergebnis: 30 getestete Hooks pro Woche. Messbar bessere Conversion. Stelle Fragen statt zu predigen. 30 Hooks in 60 Minuten sind realistisch. Fang mit 10 Agenten an und skaliere dann.",Scheduled
Prompt 214,2026-04-18,prompt,X/Twitter,"Baue 7 Thread-Outlines fuer Solo-Creator. Arbeite mit klaren Schritten, CTA und Beispiel. Kontext: Thread System.",Scheduled
Prompt 215,2026-04-18,prompt,X/Twitter,Erstelle 5 Tweet-Varianten fuer Agenturen. Nutze Schritt-fuer-Schritt und halte jede Ausgabe unter 24 Woertern. Kontext: Thread System. Gib die Ausgabe nummeriert aus.,Scheduled
Prompt 216,2026-04-18,prompt,X/Twitter,Du bist ein Content-Strategist. Liefere 5 Hooks im Stil Beispiel + Analyse. Zielgruppe: Agenturen. Thema: Hook-Datenbank. Jede Ausgabe muss einen klaren Nutzen enthalten.,Scheduled
Tweet 73,2026-04-19,tweet,X/Twitter,"Nicht mehr brainstormen, sondern produzieren: Flow: Orchestrator -> Ideation -> Writer -> Refiner. Output: skalierbare Content-Produktion mit 20 Agenten. Beharrlichkeit schlaegt Talent. Fang mit 10 Agenten an und skaliere dann.",Scheduled
Prompt 217,2026-04-19,prompt,X/Twitter,Du bist ein Content-Strategist. Liefere 9 Offer-Statements im Stil Kurz und direkt. Zielgruppe: B2B Marketer. Thema: Creator Stack. Jede Ausgabe muss einen klaren Nutzen enthalten.,Scheduled
Prompt 218,2026-04-19,prompt,X/Twitter,"Erstelle 10 Content-Titel fuer Agenturen und integriere ein Prinzip aus 'Wie man Freunde gewinnt'. Stil: respektvoll, motivierend, klar. Kontext: Tweet Engine.",Scheduled
Prompt 219,2026-04-19,prompt,X/Twitter,Du bist ein Content-Strategist. Liefere 7 Offer-Statements im Stil Schritt-fuer-Schritt. Zielgruppe: Solo-Creator. Thema: Prompt Pack. Jede Ausgabe muss einen klaren Nutzen enthalten.,Scheduled
Tweet 74,2026-04-20,tweet,X/Twitter,"Nicht mehr brainstormen, sondern produzieren: Regel: jede Aufgabe in 120 Woerter kapseln. Output: 50 Threads pro Monat mit 12 Agenten. Monetarisierung heisst: klares Offer, klares Versprechen. Ein System macht Content planbar.",Scheduled
Thread 11,2026-04-20,thread,X/Twitter,Warum Content-Batching fuer Creator dein groesster Hebel ist. / Symptom: Zu wenig Output trotz viel Arbeit. / Ursache: Rollen sind nicht getrennt. / Loesung: 1 Agent = 1 Aufgabe. / Prinzip: Hoere aufrichtig zu. / These: Der Wunsch nach Erfolg braucht ein definites Ziel. / Haltung: Handlung vor Ausrede. / CTA: Kommentiere AGENTS fuer die Struktur.,Scheduled
Prompt 220,2026-04-20,prompt,X/Twitter,"Erstelle eine Liste von 9 High-Ticket-Argumente fuer Coaches. Verwende Beispiel + Analyse. Fokus: Nutzen, Klarheit, Spezifitaet. Gib Formatvorgaben pro Item an.",Scheduled
Prompt 221,2026-04-20,prompt,X/Twitter,"Erstelle 7 High-Ticket-Argumente fuer SaaS Founder und integriere ein Prinzip aus 'Wie man Freunde gewinnt'. Stil: respektvoll, motivierend, klar. Kontext: Content Factory.",Scheduled
Prompt 222,2026-04-20,prompt,X/Twitter,"Baue 12 Objection-Replies fuer SaaS Founder. Arbeite mit klaren Schritten, CTA und Beispiel. Kontext: Thread System.",Scheduled
Tweet 75,2026-04-21,tweet,X/Twitter,"Ohne System bleibt es Zufall. Planbar wird es durch Systemdesign statt Talent: 30 getestete Hooks pro Woche. Regel: jede Aufgabe in 120 Woerter kapseln. Verlange fuer Ergebnis, nicht fuer Zeit. Kopiere den Flow und teste eine Woche.",Scheduled
Prompt 223,2026-04-21,prompt,X/Twitter,"Erstelle 10 Objection-Replies fuer Berater und integriere ein Prinzip aus 'Wie man Freunde gewinnt'. Stil: respektvoll, motivierend, klar. Kontext: Thread System.",Scheduled
Prompt 224,2026-04-21,prompt,X/Twitter,"Erstelle eine Liste von 10 Hooks fuer Solo-Creator. Verwende Kurz und direkt. Fokus: Nutzen, Klarheit, Spezifitaet. Gib Formatvorgaben pro Item an.",Scheduled
Prompt 225,2026-04-21,prompt,X/Twitter,"Baue 9 CTA-Ideen fuer Coaches. Arbeite mit klaren Schritten, CTA und Beispiel. Kontext: Prompt Pack.",Scheduled
Tweet 76,2026-04-22,tweet,X/Twitter,"Content skaliert nicht mit mehr Zeit, sondern durch Quality Gates nach jedem Schritt. Mit 25 Agenten baust du 300 Tweets pro Woche. Regel: jede Aufgabe in 120 Woerter kapseln. Der Wunsch nach Erfolg braucht ein definites Ziel.",Scheduled
Prompt 226,2026-04-22,prompt,X/Twitter,"Baue 5 High-Ticket-Argumente fuer Solo-Creator. Arbeite mit klaren Schritten, CTA und Beispiel. Kontext: Monetarisierungs-Funnel.",Scheduled
Prompt 227,2026-04-22,prompt,X/Twitter,Analysiere Tweet Engine und generiere 9 Lead-Magnet-Ideen. Nutze eine klare Struktur und schreibe auf Deutsch. Liefere zusaetzlich 3 Varianten je Item.,Scheduled
Prompt 228,2026-04-22,prompt,X/Twitter,Erstelle 10 Offer-Statements fuer Solo-Creator. Nutze Schritt-fuer-Schritt und halte jede Ausgabe unter 16 Woertern. Kontext: Prompt Pack. Gib die Ausgabe nummeriert aus.,Scheduled
Tweet 77,2026-04-23,tweet,X/Twitter,"Du brauchst keine 10x Kreativitaet, sondern kleine Modelle fuer Masse und Mid-Modelle fuer Schliff. Damit lieferst du eine konstante Pipeline ohne Burnout. Zeige ehrliche Wertschaetzung. Einmal gebaut, laeuft der Prozess jeden Monat.",Scheduled
Prompt 229,2026-04-23,prompt,X/Twitter,Analysiere Hook-Datenbank und generiere 7 Hooks. Nutze eine klare Struktur und schreibe auf Deutsch. Liefere zusaetzlich 3 Varianten je Item.,Scheduled
Prompt 230,2026-04-23,prompt,X/Twitter,Du bist ein Content-Strategist. Liefere 12 Lead-Magnet-Ideen im Stil Kurz und direkt. Zielgruppe: B2B Marketer. Thema: Prompt Pack. Jede Ausgabe muss einen klaren Nutzen enthalten.,Scheduled
Prompt 231,2026-04-23,prompt,X/Twitter,"Baue 7 Thread-Outlines fuer Berater. Arbeite mit klaren Schritten, CTA und Beispiel. Kontext: Hook-Datenbank.",Scheduled
Tweet 78,2026-04-24,tweet,X/Twitter,"Du brauchst keine 10x Kreativitaet, sondern klare Rollen statt All-in-One. Damit lieferst du skalierbare Content-Produktion. Mastermind-Denken multipliziert Ergebnisse. Ein System macht Content planbar. Willst du den Workflow? Schreib AGENTS.",Scheduled
Prompt 232,2026-04-24,prompt,X/Twitter,Du bist ein Content-Strategist. Liefere 12 Content-Titel im Stil Pro/Contra. Zielgruppe: Coaches. Thema: Prompt Pack. Jede Ausgabe muss einen klaren Nutzen enthalten.,Scheduled
Prompt 233,2026-04-24,prompt,X/Twitter,Analysiere Content Factory und generiere 12 Offer-Statements. Nutze eine klare Struktur und schreibe auf Deutsch. Liefere zusaetzlich 3 Varianten je Item.,Scheduled
Prompt 234,2026-04-24,prompt,X/Twitter,Analysiere Creator Stack und generiere 7 Objection-Replies. Nutze eine klare Struktur und schreibe auf Deutsch. Liefere zusaetzlich 3 Varianten je Item.,Scheduled
Tweet 79,2026-04-25,tweet,X/Twitter,"Content skaliert nicht mit mehr Zeit, sondern durch klare Rollen statt All-in-One. Mit 12 Agenten baust du eine Content-Bibliothek fuer 90 Tage. Flow: Thema -> Hook -> Draft -> CTA. Zeige ehrliche Wertschaetzung. Kopiere den Flow und teste eine Woche.",Scheduled
Prompt 235,2026-04-25,prompt,X/Twitter,Analysiere Mastermind-Plan und generiere 10 Offer-Statements. Nutze eine klare Struktur und schreibe auf Deutsch. Liefere zusaetzlich 3 Varianten je Item.,Scheduled
Prompt 236,2026-04-25,prompt,X/Twitter,Erstelle 12 DM-Templates fuer SaaS Founder. Nutze Kurz und direkt und halte jede Ausgabe unter 18 Woertern. Kontext: Mastermind-Plan. Gib die Ausgabe nummeriert aus.,Scheduled
Prompt 237,2026-04-25,prompt,X/Twitter,Analysiere Mastermind-Plan und generiere 5 Tweet-Varianten. Nutze eine klare Struktur und schreibe auf Deutsch. Liefere zusaetzlich 3 Varianten je Item.,Scheduled
Tweet 80,2026-04-26,tweet,X/Twitter,"Nicht mehr brainstormen, sondern produzieren: Regel: jede Aufgabe in 120 Woerter kapseln. Output: 30 getestete Hooks pro Woche mit 20 Agenten. Du bist verantwortlich. Der Unterschied ist Prozess, nicht Talent. Fang mit 10 Agenten an und skaliere dann.",Scheduled
Prompt 238,2026-04-26,prompt,X/Twitter,"Erstelle 5 Pricing-Optionen fuer Solo-Creator und integriere ein Prinzip aus 'Wie man Freunde gewinnt'. Stil: respektvoll, motivierend, klar. Kontext: Tweet Engine.",Scheduled
Prompt 239,2026-04-26,prompt,X/Twitter,Analysiere Tweet Engine und generiere 12 High-Ticket-Argumente. Nutze eine klare Struktur und schreibe auf Deutsch. Liefere zusaetzlich 3 Varianten je Item.,Scheduled
Prompt 240,2026-04-26,prompt,X/Twitter,Du bist ein Content-Strategist. Liefere 9 Objection-Replies im Stil Checkliste. Zielgruppe: Berater. Thema: Monetarisierungs-Funnel. Jede Ausgabe muss einen klaren Nutzen enthalten.,Scheduled
Tweet 81,2026-04-27,tweet,X/Twitter,"Nicht mehr brainstormen, sondern produzieren: Flow: Orchestrator -> Ideation -> Writer -> Refiner. Output: eine Content-Bibliothek fuer 90 Tage mit 16 Agenten. Funnel: Lead Magnet -> Tripwire -> Core Offer -> High Ticket -> Retainer.",Scheduled
Thread 12,2026-04-27,thread,X/Twitter,"So baust du Task-Matrix mit 25 Slots ohne Chaos. / Prinzip: Hoere aufrichtig zu. / These: Mastermind-Denken multipliziert Ergebnisse. / Haltung: Klare Haltung, klare Richtung. / Framework: Orchestrator -> Ideation -> Writer -> Refiner. / Schritt 1: Sammle 30 Hooks in 1 Session. / Schritt 2: Schreibe Drafts im Batch. / Schritt 3: Kuerze hart und pruefe Nutzen. / CTA: Wenn du das System willst: antworte mit AGENTS.",Scheduled
Prompt 241,2026-04-27,prompt,X/Twitter,Analysiere Content Factory und generiere 12 Content-Titel. Nutze eine klare Struktur und schreibe auf Deutsch. Liefere zusaetzlich 3 Varianten je Item.,Scheduled
Prompt 242,2026-04-27,prompt,X/Twitter,"Baue 9 CTA-Ideen fuer B2B Marketer. Arbeite mit klaren Schritten, CTA und Beispiel. Kontext: Content Factory.",Scheduled
Prompt 243,2026-04-27,prompt,X/Twitter,"Erstelle eine Liste von 12 CTA-Ideen fuer Berater. Verwende Template. Fokus: Nutzen, Klarheit, Spezifitaet. Gib Formatvorgaben pro Item an.",Scheduled
Tweet 82,2026-04-28,tweet,X/Twitter,"25 Agenten parallel liefern 30 getestete Hooks pro Woche. Der Hebel: Hook-First statt Content-First. Batching: 30 Hooks, dann 30 Drafts. Ergebnis: stabile Reichweite durch Konstanz. Hoere aufrichtig zu. Der Unterschied ist Prozess, nicht Talent.",Scheduled
Prompt 244,2026-04-28,prompt,X/Twitter,"Baue 12 Content-Ideen fuer Coaches. Arbeite mit klaren Schritten, CTA und Beispiel. Kontext: Creator Stack.",Scheduled
Prompt 245,2026-04-28,prompt,X/Twitter,Du bist ein Content-Strategist. Liefere 9 High-Ticket-Argumente im Stil Kurz und direkt. Zielgruppe: Solo-Creator. Thema: Creator Stack. Jede Ausgabe muss einen klaren Nutzen enthalten.,Scheduled
Prompt 246,2026-04-28,prompt,X/Twitter,"Erstelle 10 Hooks fuer Coaches und integriere ein Prinzip aus 'Wie man Freunde gewinnt'. Stil: respektvoll, motivierend, klar. Kontext: Tweet Engine.",Scheduled
Tweet 83,2026-04-29,tweet,X/Twitter,"Ohne System bleibt es Zufall. Planbar wird es durch eine Task-Matrix mit festen Slots: 30 getestete Hooks pro Woche. Rhythmus: 1 Batch pro Woche. Sprich ueber die Interessen deines Gegenuebers. Qualitaet kommt vom Review, nicht vom Zufall.",Scheduled
Prompt 247,2026-04-29,prompt,X/Twitter,Analysiere Monetarisierungs-Funnel und generiere 10 Hooks. Nutze eine klare Struktur und schreibe auf Deutsch. Liefere zusaetzlich 3 Varianten je Item.,Scheduled
Prompt 248,2026-04-29,prompt,X/Twitter,Erstelle 12 CTA-Ideen fuer Solo-Creator. Nutze Framework und halte jede Ausgabe unter 16 Woertern. Kontext: AI-Agenten Workflow. Gib die Ausgabe nummeriert aus.,Scheduled
Prompt 249,2026-04-29,prompt,X/Twitter,Analysiere Monetarisierungs-Funnel und generiere 10 Objection-Replies. Nutze eine klare Struktur und schreibe auf Deutsch. Liefere zusaetzlich 3 Varianten je Item.,Scheduled
Tweet 84,2026-04-30,tweet,X/Twitter,"Nicht mehr brainstormen, sondern produzieren: Flow: Hook -> Draft -> Refine -> Publish. Output: 400 Premium-Prompts mit 20 Agenten. Hoere aufrichtig zu. Der Unterschied ist Prozess, nicht Talent. Kopiere den Flow und teste eine Woche.",Scheduled
Prompt 250,2026-04-30,prompt,X/Twitter,Analysiere Creator Stack und generiere 7 Hooks. Nutze eine klare Struktur und schreibe auf Deutsch. Liefere zusaetzlich 3 Varianten je Item.,Scheduled
Prompt 251,2026-04-30,prompt,X/Twitter,Du bist ein Content-Strategist. Liefere 7 High-Ticket-Argumente im Stil Pro/Contra. Zielgruppe: SaaS Founder. Thema: Monetarisierungs-Funnel. Jede Ausgabe muss einen klaren Nutzen enthalten.,Scheduled
Prompt 252,2026-04-30,prompt,X/Twitter,Erstelle 7 Content-Ideen fuer B2B Marketer. Nutze Kurz und direkt und halte jede Ausgabe unter 20 Woertern. Kontext: Tweet Engine. Gib die Ausgabe nummeriert aus.,Scheduled
Tweet 85,2026-05-01,tweet,X/Twitter,"Die Formel: kleine Modelle fuer Masse und Mid-Modelle fuer Schliff + Batching: 30 Hooks, dann 30 Drafts = skalierbare Content-Produktion. Ergebnis: saubere Struktur ohne Ueberforderung. Hoere aufrichtig zu. Willst du den Workflow? Schreib AGENTS.",Scheduled
Prompt 253,2026-05-01,prompt,X/Twitter,"Erstelle 9 Content-Titel fuer Berater und integriere ein Prinzip aus 'Wie man Freunde gewinnt'. Stil: respektvoll, motivierend, klar. Kontext: Mastermind-Plan.",Scheduled
Prompt 254,2026-05-01,prompt,X/Twitter,Erstelle 7 Pricing-Optionen fuer Berater. Nutze Pro/Contra und halte jede Ausgabe unter 20 Woertern. Kontext: Prompt Pack. Gib die Ausgabe nummeriert aus.,Scheduled
Prompt 255,2026-05-01,prompt,X/Twitter,Analysiere Prompt Pack und generiere 7 Content-Titel. Nutze eine klare Struktur und schreibe auf Deutsch. Liefere zusaetzlich 3 Varianten je Item.,Scheduled
Tweet 86,2026-05-02,tweet,X/Twitter,"Der groesste Fehler: einen Agenten alles machen zu lassen. Fix: Wortlimits hart setzen. So entstehen 50 Threads pro Monat mit 12 Agenten. Funnel: Lead Magnet -> Tripwire -> Core Offer -> High Ticket -> Retainer. Du brauchst Klarheit, nicht mehr Disziplin.",Scheduled
Prompt 256,2026-05-02,prompt,X/Twitter,"Baue 10 Hooks fuer Berater. Arbeite mit klaren Schritten, CTA und Beispiel. Kontext: Creator Stack.",Scheduled
Prompt 257,2026-05-02,prompt,X/Twitter,"Erstelle eine Liste von 5 Use-Cases fuer Coaches. Verwende Framework. Fokus: Nutzen, Klarheit, Spezifitaet. Gib Formatvorgaben pro Item an.",Scheduled
Prompt 258,2026-05-02,prompt,X/Twitter,"Erstelle eine Liste von 12 Use-Cases fuer Berater. Verwende Pro/Contra. Fokus: Nutzen, Klarheit, Spezifitaet. Gib Formatvorgaben pro Item an.",Scheduled
Tweet 87,2026-05-03,tweet,X/Twitter,16 Agenten parallel liefern 400 Premium-Prompts. Der Hebel: Proof-Checks nach jedem Schritt. Rhythmus: 1 Batch pro Woche. Ergebnis: mehr Output bei weniger Kopfschmerz. Zeige ehrliche Wertschaetzung. Kopiere den Flow und teste eine Woche.,Scheduled
Prompt 259,2026-05-03,prompt,X/Twitter,Du bist ein Content-Strategist. Liefere 10 Content-Titel im Stil Schritt-fuer-Schritt. Zielgruppe: B2B Marketer. Thema: AI-Agenten Workflow. Jede Ausgabe muss einen klaren Nutzen enthalten.,Scheduled
Prompt 260,2026-05-03,prompt,X/Twitter,"Baue 9 Tweet-Varianten fuer Solo-Creator. Arbeite mit klaren Schritten, CTA und Beispiel. Kontext: Creator Stack.",Scheduled
Prompt 261,2026-05-03,prompt,X/Twitter,"Erstelle 7 Objection-Replies fuer Coaches und integriere ein Prinzip aus 'Wie man Freunde gewinnt'. Stil: respektvoll, motivierend, klar. Kontext: Content Factory.",Scheduled
Tweet 88,2026-05-04,tweet,X/Twitter,"Nicht mehr brainstormen, sondern produzieren: Rhythmus: 1 Batch pro Woche. Output: 300 Tweets pro Woche mit 25 Agenten. Du entscheidest. 30 Hooks in 60 Minuten sind realistisch. Du brauchst Klarheit, nicht mehr Disziplin.",Scheduled
Thread 13,2026-05-04,thread,X/Twitter,"Warum Top-10 Prompt-Fehler dein groesster Hebel ist. / Viele Threads scheitern am ersten Tweet. / Hook-First zwingt dich zu Klarheit. / Sammle 30 Hooks, teste 10, behalte 3. / Erst dann baust du den Rest des Threads. / Prinzip: Stelle Fragen statt zu predigen. / These: Ein klares Ziel vor Augen schafft Zugkraft. / CTA: Willst du den Workflow? Schreib AGENTS.",Scheduled
Prompt 262,2026-05-04,prompt,X/Twitter,"Baue 10 Tweet-Varianten fuer B2B Marketer. Arbeite mit klaren Schritten, CTA und Beispiel. Kontext: Thread System.",Scheduled
Prompt 263,2026-05-04,prompt,X/Twitter,"Erstelle 12 Pricing-Optionen fuer Coaches und integriere ein Prinzip aus 'Wie man Freunde gewinnt'. Stil: respektvoll, motivierend, klar. Kontext: Monetarisierungs-Funnel.",Scheduled
Prompt 264,2026-05-04,prompt,X/Twitter,Erstelle 10 DM-Templates fuer Coaches. Nutze Checkliste und halte jede Ausgabe unter 18 Woertern. Kontext: AI-Agenten Workflow. Gib die Ausgabe nummeriert aus.,Scheduled
Tweet 89,2026-05-05,tweet,X/Twitter,"Die Formel: kleine Modelle fuer Masse und Mid-Modelle fuer Schliff + Rhythmus: 1 Batch pro Woche = 30 getestete Hooks pro Woche. Ergebnis: schnelleres Testing von Hooks. Triff eine klare Entscheidung und bleib dran. Der Unterschied ist Prozess, nicht Talent.",Scheduled
Prompt 265,2026-05-05,prompt,X/Twitter,Analysiere Thread System und generiere 7 Content-Ideen. Nutze eine klare Struktur und schreibe auf Deutsch. Liefere zusaetzlich 3 Varianten je Item.,Scheduled
Prompt 266,2026-05-05,prompt,X/Twitter,"Erstelle eine Liste von 12 DM-Templates fuer SaaS Founder. Verwende Template. Fokus: Nutzen, Klarheit, Spezifitaet. Gib Formatvorgaben pro Item an.",Scheduled
Prompt 267,2026-05-05,prompt,X/Twitter,Du bist ein Content-Strategist. Liefere 10 Pricing-Optionen im Stil Beispiel + Analyse. Zielgruppe: SaaS Founder. Thema: Tweet Engine. Jede Ausgabe muss einen klaren Nutzen enthalten.,Scheduled
Tweet 90,2026-05-06,tweet,X/Twitter,"Content skaliert nicht mit mehr Zeit, sondern durch klare Rollen statt All-in-One. Mit 12 Agenten baust du 300 Tweets pro Woche. Flow: Thema -> Hook -> Draft -> CTA. Monetarisierung heisst: klares Offer, klares Versprechen.",Scheduled
Prompt 268,2026-05-06,prompt,X/Twitter,"Baue 7 Hooks fuer Coaches. Arbeite mit klaren Schritten, CTA und Beispiel. Kontext: Hook-Datenbank.",Scheduled
Prompt 269,2026-05-06,prompt,X/Twitter,"Erstelle 9 Thread-Outlines fuer B2B Marketer und integriere ein Prinzip aus 'Wie man Freunde gewinnt'. Stil: respektvoll, motivierend, klar. Kontext: Content Factory.",Scheduled
Prompt 270,2026-05-06,prompt,X/Twitter,"Baue 9 DM-Templates fuer Berater. Arbeite mit klaren Schritten, CTA und Beispiel. Kontext: Creator Stack.",Scheduled
